Bestiller;Institutt;Dato;Måned;År;Ap;Høyre;Frp;SV;Sp;KrF;Venstre;MDG;Rødt;Andre;Vekt
Norfakta / Nat. / KK;;06/08/19;;2019;25.2;24.3;10.2;6;15.8;3.2;1.5;5.7;5.9;2.4;
Norstat / NRK / Aftenp;;06/05/19;;2019;24.4;21;11.4;6.8;14.9;3.5;2.7;6.3;5;4;
Ipsos / Dagbladet;;05/31/19;;2019;26.9;20.7;12.1;6.3;15.2;2.3;2;4.6;5.1;4.8;
Norstat / VL;;05/30/19;;2019;23.7;22.9;12.5;6.5;13.3;3.7;3.4;4.3;4.8;5;
Sentio / NA / Amedia;;05/22/19;;2019;23.1;22.6;11.9;6.1;15.8;3.6;2.3;5.1;6.6;2.9;
Opinion / ANB;;05/15/19;;2019;27.2;21.2;13.1;8.3;14.1;2.7;2.1;4;5.1;2.4;
Norfakta / Nat. / KK;;05/11/19;;2019;25.1;24.4;11.9;7.4;14.4;3.2;3;3;4.9;2.8;
TNS / TV2;;05/10/19;;2019;26;21;11.6;7.2;14.7;3.9;4.1;3.9;5.4;2.3;
Norstat / NRK / Aftenp;;05/07/19;;2019;26.5;20.2;12.6;6.2;15;3.5;3.7;3.9;5;3.3;
Respons / VG;;05/03/19;;2019;28.2;21.6;13;8.4;12.5;4.1;1.9;4.4;3.9;2;
Norstat / VL;;05/02/19;;2019;27.6;20.4;11.2;7.5;15.7;3.3;2.3;4.8;5.1;2.3;
Ipsos / Dagbladet;;04/27/19;;2019;28.1;23.8;10.1;6.8;14.4;3.9;2.2;3;4.5;3.2;
Sentio / NA / Amedia;;04/16/19;;2019;27.5;23.2;10;7;15.4;3.4;2.4;4.1;4.6;2.4;
Opinion / ANB;;04/10/19;;;27.5;21.5;10.6;8.2;16.7;2.6;2.3;3.7;4.5;2.5;
Respons / VG;;04/06/19;;;25.6;22.4;10.1;7.6;15.6;3;4.3;3.9;4.7;2.8;
Norfakta / Nat. / KK;;04/06/19;;;26.1;22.5;11.2;8.4;15.2;3.8;3;3;4.3;2.5;
TNS / TV2;;04/05/19;;;24.3;21.6;10.4;7.5;16.9;3.7;3.4;5;5.1;2.2;
Norstat / NRK;;04/03/19;;;24;22.3;11.9;7;16.9;4.2;2.9;4.7;3.7;2.4;
Norstat / VL;;03/27/19;;;26.6;24.6;12.1;6.8;14.3;2.4;1.8;4.3;4.9;2.2;
Ipsos / Dagbladet;;03/21/19;;;28.8;21.3;11.7;7;14.4;2.5;2;3.6;5.6;3.1;
Sentio / DN;;03/21/19;;;27.7;24.7;10.6;7.3;14.5;3;2.3;3.2;5.4;1.4;
Opinion / ANB;;03/13/19;;;25.1;26.1;10.6;7.1;12.7;4.8;2;6;4.9;0.8;
Norfakta / Nat. / KK;;03/09/19;;;27;24.6;10.7;8.1;14;3.3;2.3;3.7;4.5;1.8;
TNS / TV2;;03/08/19;;;27.4;24.8;10.2;8;12.8;3.7;2.2;3.6;4.8;2.7;
Respons / VG;;03/05/19;;;24.3;24.3;12.6;7.6;14.6;3.8;2.8;3.3;5;1.7;
Norstat / NRK;;03/05/19;;;26.5;24.3;12.1;8;12.4;4;1.9;4.4;4.8;1.5;
Norsat / VL;;02/27/19;;;26.9;22.3;12.5;6.6;16;3.2;1.8;3;6.2;1.5;
Ipsos / Dagbladet;;02/22/19;;;26.9;25.1;10;7;13;2.5;2.3;3.8;6.6;2.8;
Sentio / NA / Amedia;;02/21/19;;;27.4;21.1;10.8;8;15.6;3.4;2.3;3.9;5.1;2.4;
Opinion / ANB;;02/13/19;;;28.2;22.1;11.8;8;13.9;3.2;2.3;2.3;7.6;0.6;
Norfakta / Nat. / KK;;02/09/19;;;29.3;22.9;10.9;7.2;12.7;4.1;3.3;3.3;4;2.2;
Norstat / NRK;;02/06/19;;;29.2;22.9;12;7.8;11.8;3.4;2.6;3.2;4.8;2.2;
Respons / VG;;02/06/19;;;29.7;22.9;10.5;7.8;12.2;3.8;3.9;3.8;3.6;1.8;
TNS / TV2;;02/05/19;;;26.5;23.6;11.7;8.8;10.4;4.1;2.5;3.6;6.2;2.5;
Norstat / Norstat;;01/30/19;;;29.1;22.5;13.5;7.3;11.2;3.5;2.7;3.7;4.4;0;
Ipsos / Dagbladet;;01/24/19;;;29.8;22.8;13;8;10.9;2.7;2.2;3.2;4.2;0;
Sentio / DN;;01/23/19;;;26.3;23.6;13.2;6.9;13.4;3.5;4.3;3.8;3.1;1.8;
Opinion / ANB;;01/16/19;;;28.5;22.9;10.8;7.9;12.6;3.7;2.4;3.2;5.5;2.5;
Norfakta / Nat. / KK;;01/12/19;;;27.7;24.7;12;7.4;12.5;3.8;3.3;2.8;3.9;1.9;
TNS / TV2;;01/11/19;;;27.9;24.2;12;7.2;12.2;3;3.6;2.8;4.6;2;
Respons / VG;;01/11/19;;;29.7;26;11.5;6.7;10.5;3.8;4.4;2.8;3.1;1.5;
Norstat / Nrk;;01/08/19;;;27.3;27;12.2;7.4;12.1;3.7;3.1;2.4;3.3;1.6;
Ipsos / Dagbladet;;12/20/18;;;28.5;24.7;12.8;8.1;10.4;3.8;3;3.7;2.7;2.3;
Norstat / VL;;12/19/18;;;26.8;26.5;12.4;6.9;11.2;3.5;3.4;3.4;4.1;0;
Opinion / ANB;;12/12/18;;;27.1;22.9;14.6;5.8;11.9;3.4;4.4;3.6;5.1;1.1;
Norfakta / Nat. / KK;;12/08/18;;;28.4;25.9;12;7.4;11.6;3.8;3;2.5;3.1;2.4;
Sentio / DN;;12/06/18;;;30;24.3;12;5.5;12.2;3.5;4.3;2.4;4.8;1.1;
Respons / VG;;12/05/18;;;26;25.7;13.5;8.8;10.5;4.1;3.4;2.4;3.9;1.7;
TNS / TV2;;12/03/18;;;27.4;24.7;13.9;6.3;11.9;3;3.6;2.8;4.8;0.8;
Norstat / NRK;;11/27/18;;;29.7;24.7;13.1;7;11.4;3.2;2.8;2.8;3.3;2;
Norstat / VL;;11/24/18;;;29;24.6;13.2;6.6;12;4.3;3.2;2.9;3.3;1.7;
Ipsos / Dagbladet;;11/22/18;;;31.2;23.1;12.8;6.1;11.7;3.3;3.6;2.5;3.6;2.1;
Opinion / ANB;;11/14/18;;;28.3;26.2;10.8;6;11.9;3.8;3.7;3.3;4.9;1.1;
Respons / VG;;11/08/18;;;28.4;26.5;12.8;6;10.3;4.2;4.1;2.9;3.9;0.9;
Norfakta / Nat. / KK;;11/07/18;;;29.1;26.1;13.2;5;11.7;4;3.8;2.2;3.9;0.9;800
Sentio / DN;;11/07/18;;;25;26.9;13.7;7.5;10;4.7;4.5;2.4;4.4;1;
TNS / TV2;;10/31/18;;;27.6;26.8;13.8;7.2;9;3;2.3;2.8;4.8;2.6;800
Norstat / NRK;;10/30/18;;;27.2;24.3;14.1;6.7;12.1;3.9;3.7;3.2;3.5;1.3;800
Ipsos / Dagbladet;;10/25/18;;;26;26.3;10.4;7.7;12.4;4.4;5.1;2.2;4;1.4;800
Norstat / VL;;10/24/18;;;28.7;25.4;13.6;7.2;10.3;3.6;3.7;2;3.9;1.7;800
Sentio / DN;;10/17/18;;;28.8;25.7;12.7;6.6;10.5;4.5;2.8;2.4;3.6;2.5;800
Infact / Nettavisen;;10/11/18;;;24.4;26.1;14.7;5.7;11.2;4.8;3.8;2.7;4.1;2.5;800
Opinion / ANB;;10/10/18;;;26.6;25;13;5.9;12.7;5;2.6;3.2;5.1;0.9;800
Norfakta / Nat. / KK;;10/06/18;;;28.2;26;13.3;6.6;11.2;4.1;2.4;2.2;4;2.1;800
Respons / VG;;10/04/18;;;27.7;25.5;14.4;6.7;9.8;4.7;3.9;2.7;3;1.6;800
Norstat / NRK;;10/02/18;;;26.9;24.7;14;7.1;11.2;3.7;3.5;4.2;3.3;1.4;800
TNS / TV2;;10/02/18;;;26.7;26.7;12.7;7.6;10.4;3.8;4.1;2.8;4;1.4;800
Ipsos / Dagbladet;;09/27/18;;;28.7;25.7;14.9;6.1;10.1;3;2.3;2.3;4.6;2.3;800
Norstat / VL;;09/27/18;;;26.6;24.3;15.7;6.2;12;3;3.4;2.3;5;1.4;800
Respons / VG;;09/26/18;;;25.5;26;14.1;6.3;10.4;3.9;3.8;3.5;4.7;1.8;800
Sentio / DN;;09/19/18;;;28;27.4;11.8;6.3;9.1;3.9;3;3.8;4.8;1.8;800
Opinion / ANB;;09/12/18;;;27.7;26.4;13.1;7.1;10.6;2.9;3.4;3;3.5;2.3;800
Norfakta / Nat. / KK;;09/08/18;;;24.6;24.1;17.6;7;11.1;4;4.2;2.1;4.6;0.8;800
Norstat / NRK;;09/07/18;;;26.2;26.6;13.9;6;11.2;3.5;3.3;2.8;4.4;2.3;800
TNS / TV2;;09/06/18;;;24.9;29;10.4;6.5;11.6;3.7;3.5;2.4;5.5;2.6;800
Norstat / VL;;08/30/18;;;24.4;27.4;12.9;6.9;12.5;3.6;3;3.6;4.2;1.4;800
Ipsos / Dagbladet;;08/23/18;;;28.5;24.8;13;6;11.5;3.3;3.9;3.2;3.7;2.2;800
Sentio / DN;;08/22/18;;;25.9;26.6;13.3;6.4;10.7;4.2;3.6;3.4;4.4;1.4;800
Respons / VG;;08/21/18;;;25.9;25.6;14.6;7.7;10.3;3.9;5.2;2.2;4.1;0.5;800
Norstat / NRK;;08/16/18;;;23.8;27.5;12.7;6.1;11.8;4;3.5;3.4;5.3;1.8;800
TV2;TNS;08/08/18;August;2018;24.4;26.1;10.1;8;13.6;5.3;3.6;2.5;5.3;1.1;800
ANB;ANB;08/08/18;August;2018;28.2;23.6;12.6;6.6;11.2;4.2;2.4;4.1;5.8;1.2;800
KK/NAT;Norfakta;07/07/18;Juli;2018;23.7;26.3;14.8;7.5;9.7;5;3.4;3.7;3.9;2;800
DB;Ipsos;06/28/18;Juni;2018;22.2;27.9;13.5;7.1;11.4;4.7;3.9;2.4;3.8;3;800
VL;Norstat;06/28/18;Juni;2018;21.5;27.8;13.6;7.5;10.7;4.2;5.1;2.5;4.9;2.2;800
DN;Sentio;06/22/18;Juni;2018;25.2;27.1;14;7.3;10.2;4.1;3.2;2.1;5.3;1.5;800
ANB;Opinion;06/14/18;Juni;2018;24;27.1;13;6.5;10.7;3.8;4.1;4.2;4.8;1.8;800
Klassekampen;Norfakta / Nat. / KK;06/09/18;Juni;2018;24.1;29.4;12.5;6;11.3;3;4.5;3.4;4.4;1.4;800
VG;Respons / VG;06/06/18;Juni;2018;22;26.4;15.1;7.6;11;4.1;3.7;2.9;4.8;2.4;800
Nrk;Norstat / NRK;06/06/18;Juni;2018;23.4;27.6;13.1;7.5;11;3.8;4.1;3.4;4.5;1.7;800
TV2;TNS / TV2;06/05/18;Juni;2018;23.4;24.5;12.4;8.5;11.3;5.3;4.5;3.2;5.6;1.3;800
Dagbladet;Ipsos / Dagbladet;05/31/18;Mai;2018;22.9;27;13.5;7.7;11.1;3.8;5.9;3;3.2;1.9;800
Vårt Land;Norstat / VL;05/31/18;Mai;2018;23.6;26.4;13.9;7.2;11.8;4.2;4.1;2.7;4;2.3;800
Dagens Næringsliv;Sentio / DN;05/24/18;Mai;2018;23.5;28.4;14;8;10.6;3.8;3.2;2.9;3.4;2.3;800
ANB;Opinion / ANB;05/18/18;Mai;2018;22.8;26.5;15;7.1;10.5;5.5;3.8;3.3;4.4;1.2;800
Nationen;Norfakta / Nat. / KK;05/12/18;Mai;2018;24.7;26.7;15.4;6.9;10.5;3.9;3.9;3;3.2;1.8;800
VG;Respons / VG;05/11/18;Mai;2018;25.5;26.2;16.1;7.3;9.5;3.7;3.5;3.2;3.5;1.5;800
Nrk;Norstat / NRK;05/09/18;Mai;2018;26;25.5;15.9;6.5;11;3;3.8;3.2;3.5;1.6;800
TV2;TNS / TV2;05/05/18;Mai;2018;23.8;28.1;14.7;7.6;10.3;4.7;4.1;2.3;3.8;0.7;800
Vårt Land;Norstat / VL;05/03/18;Mai;2018;24;26.4;15.3;6.8;10.9;3.7;3.7;2.9;4;2.4;800
Dagbladet;Ipsos;04/26/18;April;2018;23.2;24.9;16;6;11.9;4.4;4;3;4.7;1.8;800
Dagens Næringsliv;Sentio;04/26/18;April;2018;23.8;25.2;15.7;7.3;11.9;4.9;3.6;3;2.8;1.7;800
ANB;Opinion;04/19/18;April;2018;24;27;13.5;7.7;11.5;4;4.1;1.9;4.9;1.4;800
Norstat / NRK;Norstat;04/11/18;April;2018;25.2;25.1;15.8;7.5;10.7;3.7;3.7;2.5;3.8;1.9;800
TNS / TV2;TNS;04/11/18;April;2018;24.1;26.4;16.2;8.7;9;3.7;2.8;2.9;5.4;1;800
Respons / VG;Respons;04/10/18;April;2018;23.4;25.8;16.2;6.2;10.9;4.5;4.1;3.1;3.9;1.8;800
Norfakta / Nat. / KK;Norfakta;04/07/18;April;2018;23.2;26.5;17.4;7.4;10.6;4.1;3.6;3;4.3;0.1;800
Norstat / VL;Norstat;03/26/18;Mars;2018;24.3;25.3;15.4;6.6;11;4.8;4.3;2.3;4;1.9;800
Ipsos / Dagbladet;Ipsos;03/22/18;Mars;2018;23.7;23.9;20.8;6.6;10.2;3.8;3.2;2.4;3.3;2.2;800
TNS / TV2;TNS;03/20/18;Mars;2018;23.6;26;20.6;5.6;10.3;4.4;5;2.1;1.7;0.9;800
Sentio / DN;Sentio;03/19/18;Mars;2018;23.3;26.6;15.8;7.1;11.9;4.1;3.5;2.6;4;1.1;800
Respons / VG;Respons;03/16/18;Mars;2018;25.1;26.9;15.9;6.4;10.8;3.2;4.4;3.1;2.5;1.7;800
Opinion / ANB;Opinion;03/15/18;Mars;2018;23.3;27.3;14.5;6.9;11;3.6;4.6;3.2;4.5;1.1;800
Norfakta / Nat. / KK;Norfakta;03/10/18;Mars;2018;22.5;28.4;12.7;6.9;12.8;3.9;3.8;3.9;3.3;0;800
TNS / TV2;TNS;03/07/18;Mars;2018;23.4;29.3;10.9;6.6;12.1;4.5;4.9;3.6;3.8;1;800
Norstat / NRK;Norstat;03/07/18;Mars;2018;23.3;27.4;15;7;12.3;3.2;4.3;2.8;3.2;1.5;800
Respons / VG;Respons;03/06/18;Mars;2018;23.4;28;13.1;7.2;11.6;4.4;4.7;3.1;3.1;1.4;800
Norstat / VL;Norstat;03/01/18;Mars;2018;24.5;28.8;12.9;6;10.8;4.5;3.5;3.3;3.1;2.5;800
Ipsos / Dagbladet;Ipsos;02/22/18;Februar;2018;25.4;27.3;13.6;7.5;9.7;3.5;4.4;3;3.3;0;800
Sentio / DN;Sentio;02/22/18;Februar;2018;23.3;28.7;15;6.1;10.4;5.1;4.1;3.2;3.2;0.9;800
Opinion / ANB;Opinion;02/14/18;Februar;2018;21.4;29.2;15.9;7.3;10;3.6;3.9;4;4;0.8;800
Respons / VG;VG;02/09/18;Februar;2018;24;27.9;13.6;7.2;10.9;3.6;4.5;3.6;3.3;1.4;800
TNS / TV2;TNS;02/08/18;Februar;2018;23.6;29.1;12;6.3;11.2;3.8;5.8;3.4;3.6;1.1;800
Norstat NRK;Norstat;02/07/18;Februar;2018;22.4;28.9;13.1;8.6;11.2;3.9;3.8;3.7;2.9;1.5;800
Norfakta / Nat. / KK;Norfakta;02/02/18;Februar;2018;23.9;27.9;13.4;7.7;11;4.3;4.2;3.5;2.6;0;800
Norstat VL;Norstat;02/02/18;Februar;2018;22.7;29.9;12.8;7.4;11;4.3;4;2.7;2.8;2.3;800
Ipsos / Dagbladet;Ipsos;01/25/18;Januar;2018;25.4;26.2;12.5;7.6;12.1;3.7;4.6;3;3;0;800
Opinion DN;Opinion;01/25/18;Januar;2018;22.7;30.5;13.4;7.6;10.1;4.5;3;3.2;3.1;2;800
Opinion ANB;Opinion;01/18/18;Januar;2018;20.8;30.1;14.5;7.3;10.8;4.6;4.5;3;3;1;800
Respons VG;Respons;01/18/18;Januar;2018;23.2;29.4;13.2;7.5;11.3;4.4;4.1;2.8;2.9;1.2;800
Respons Aftp;Respons;01/12/18;Januar;2018;23.1;27.1;15.5;7.7;10.7;4.1;4.1;2.7;2.7;2.3;800
TNS / TV2;TNS;01/11/18;Januar;2018;19.4;30.5;14.8;8.6;10.9;4.5;4.3;2.6;3;1.5;800
Norstat NRK;Norstat;01/09/18;Januar;2018;20.1;28.7;14.9;8.3;12.2;4.6;3.6;2.7;2.9;2;800
Norfakta / Nat. / KK;Norfakta;01/06/18;Januar;2018;24.2;29.1;14.5;5.7;10.3;3.3;4.7;3.8;3.1;1.4;800
Ipsos / Dagbladet;Ipsos;12/22/17;Desember;2017;26.3;26.5;13.7;8;10.1;4.3;4.8;2.6;1.9;1.9;800
Norstat / VL;Norstat;12/22/17;Desember;2017;26;26.5;13.9;8.4;10.6;3.6;3.4;3.6;2.9;1.2;800
Sentio / DN;Sentio;12/15/17;Desember;2017;25.9;26.5;14.9;6;10.6;4.6;3.5;3.7;2.6;1.7;800
TNS / TV2;TNS;12/12/17;Desember;2017;26;26.6;14.8;6.9;9.7;4.1;4.3;3.5;2.8;1.3;800
KK/NAT;Norfakta;12/08/17;Desember;2017;26.7;27.5;13.6;7;10.2;3.7;4.7;3.3;2.1;0;800
ANB;Opinion;12/07/17;Desember;2017;26.6;25.8;14.9;6;11.5;3.9;3.4;4.4;2.5;0.9;800
NRK;Norstat;12/04/17;Desember;2017;25.8;26.8;14.7;7.1;11.2;4.6;3.9;2.9;1.7;1.2;800
Norstat / VL;Norstat;11/25/17;November;2017;26.3;26.5;13.7;8;10.1;4.3;4.8;2.6;1.9;1.9;800
Ipsos / Dagbladet;;11/23/17;November;2017;26;26.5;13.9;8.4;10.6;3.6;3.4;3.6;2.9;1.2;800
DN;Sentio;11/13/17;November;2017;25.9;26.5;14.9;6;10.6;4.6;3.5;3.7;2.6;1.7;800
TNS / TV2;TNS;11/14/17;November;2017;26;26.6;14.8;6.9;9.7;4.1;4.3;3.5;2.8;1.3;800
Norfakta / Nat. / KK;Norfakta;11/09/17;November;2017;26.6;27;14.6;7.3;10.5;3.2;3.7;1.9;3.3;0;800
Opinion / ANB;Opinion;11/06/17;November;2017;25.1;25.7;14.9;7.3;11.2;4;4.3;3.8;2.8;0.9;800
Norstat / NRK;Norstat;11/02/17;November;2017;26;25.9;14.5;7.5;11.7;4.2;3.7;2.7;2.4;1.5;800
Ipsos / Dagbladet;Ipsos;10/27/17;Oktober;2017;27.4;25.8;13.5;5.9;10.9;3.7;3.8;2.9;3.4;2.7;800
Norstat / VL;Norstat;10/27/17;Oktober;2017;26.5;25.6;13.7;6.5;10.7;4.1;4.9;3.2;3.2;1.6;800
Sentio / DN;Sentio;10/20/17;Oktober;2017;25.2;25.2;14.6;7.3;10.2;3.2;4.6;4.9;3.1;1.8;800
Opinion / ANB;Opinion;10/12/17;Oktober;2017;25.8;26.7;14.9;6;10.6;4.1;4.1;4.8;2.2;0.8;800
TNS / TV2;TNS;10/09/17;Oktober;2017;25.4;29.2;13.1;6.4;9.3;3.2;4.8;3.4;3.7;1.6;800
Norfakta / Nat. / KK;Norfakta;10/07/17;Oktober;2017;25.8;27.6;13.4;6.5;11.4;4.4;3.4;3.6;1.8;0;800
Norstat / NRK;Norstat;10/04/17;Oktober;2017;26.4;25.6;14.3;7.5;10.6;3.9;4.2;3;2.5;1.9;800
Ipsos / Dagbladet;Ipsos;09/29/17;September;2017;26.1;24.4;14.4;7.4;10.2;3.9;5.4;3.3;2.7;2.3;800
Norstat / VL;Norstat;09/28/17;September;2017;24.9;25.1;15;7.3;11.3;3.2;4.7;2.8;3.7;1.9;800
Sentio / DN;Sentio;09/21/17;September;2017;26.2;26.8;14.7;6.4;11.4;3.9;3.9;3.3;2.4;0.9;800
TNS / TV2;TNS;09/09/17;September;2017;28.1;23.8;14.6;5.6;10.2;4.4;4.6;3.9;3.1;1.7;800
TNS / TV2;TNS;09/08/17;September;2017;28.6;23.4;15.2;5.5;10.5;4.3;3.9;4;3.3;1.3;800
Opinion / ANB;Opinion;09/08/17;September;2017;26.4;25.9;15.3;6;8.6;3.4;2.5;5.7;4.9;1.3;800
InFact / VG;InFact;09/08/17;September;2017;28;21.5;12.6;8.1;10.7;4.7;5.2;4.4;3.3;1.5;800
Norstat / Norstat;Norstat;09/08/17;September;2017;27.2;23.9;14.8;6.7;10;4.6;3.2;4.4;3;2.2;800
Norfakta / Nat. / KK;Norfakta;09/08/17;September;2017;26.3;25.8;13.8;5;10.5;5.3;4.2;4.5;3.1;0;800
TNS / TV2;TNS;09/07/17;September;2017;28.1;23.4;15.2;5.7;10.1;5;4.1;3.7;3;1.8;800
Ipsos / Dagbladet;Ipsos;09/07/17;September;2017;27.2;23.2;15.3;6.2;9.4;4.2;4.7;4.4;3.5;2.1;800
Respons / Aftenp / BT / Adressa;Respons;09/07/17;September;2017;25.6;24.7;14.3;7.3;9.9;5.5;4.5;2.7;3.1;2.4;800
TNS / TV2;TNS;09/06/17;September;2017;27;24.8;14.8;5.7;10.3;4.5;4.3;3.7;2.9;2;800
Norstat / NRK;Norstat;09/06/17;September;2017;25.8;24.2;17;5.9;9.6;4.5;3.5;4.6;3.2;1.6;800
TNS / TV2;TNS;09/05/17;September;2017;27.5;24.4;14.7;5.7;9.6;4.4;4.7;3.4;3.6;2;800
InFact / VG;InFact;09/05/17;September;2017;29.3;23.4;12.8;5.5;10;5.1;3.9;3.9;3.8;2.3;800
TNS / TV2;TNS;09/04/17;September;2017;26.5;24.5;14.3;5.1;10.9;4.4;4.8;3.8;3.4;2.2;800
TNS / TV2;TNS;09/03/17;September;2017;26.1;26.1;14.7;4.8;11;3.8;4.3;3.5;3.6;2.2;800
InFact / VG;InFact;08/31/17;August;2017;29;21.5;13;6.6;11.2;5.5;3.4;4.8;3.1;2;800
TNS / TV2;TNS;08/31/17;August;2017;27.1;25;14.9;5.3;11.1;4.1;3.8;3.2;3.3;2.4;800
Respons / Aftenp / BT / Adressa;Respons;08/31/17;August;2017;26.1;23.9;16.6;6.2;8.8;5.4;4.9;4.7;2.4;1;800
Norstat / VL;Norstat;08/31/17;August;2017;25.6;24.2;16.7;5.2;10.3;4.9;3.1;5.2;3.8;1.7;800
TNS / TV2;TNS;08/30/17;August;2017;26.7;24.7;15.4;5.9;11.1;4.2;3.6;3.5;2.8;2;800
Norstat / NRK;Norstat;08/29/17;August;2017;24.4;25.7;15;6.1;10.6;6;3.3;4.2;2.7;2;800
TNS / TV2;TNS;08/29/17;August;2017;25.7;25.1;16.3;6.5;10.4;4.2;3.9;3.6;2.6;1.7;800
TNS / TV2;TNS;08/28/17;August;2017;26.5;24;16;6.5;11.2;4;3.7;3.9;2.6;1.6;800
TNS / TV2;TNS;08/27/17;August;2017;26.8;24.2;16.7;5.7;11.2;3.7;3.1;4.6;2.9;1.2;800
Ipsos / Dagbladet;Ipsos;08/25/17;August;2017;29.5;23.3;15;5.9;10;4.4;3.4;2.6;3.8;2.1;800
TNS / TV2;TNS;08/24/17;August;2017;27.9;23.3;15.4;5.5;12.1;3.2;3.2;4.7;3.1;1.5;800
InFact / VG;InFact;08/24/17;August;2017;27.6;22.2;12;6.6;12;5.3;3.6;4.9;3.6;2.3;800
Respons / Aftenp / BT / Adressa;Respons;08/24/17;August;2017;27.3;25.1;15.5;4.5;10.8;4.5;3.7;3.9;3.2;1.5;800
Norstat / NRK;Norstat;08/23/17;August;2017;29;22.4;14.2;5.5;9.5;5.1;4;4.4;2.7;3.1;800
Sentio / DN;Sentio;08/22/17;August;2017;27;24.2;13.1;5.1;11.1;5.3;4.1;6.1;2.5;1.6;800
TNS / TV2;TNS;08/20/17;August;2017;28.4;23.8;12.7;6.4;10.5;5.3;3.5;3.4;3.8;2.2;800
InFact / VG;InFact;08/19/17;August;2017;30.5;21.9;12.1;5.6;10.9;5.2;4.1;3.9;3.7;2.4;800
Norstat / NRK;Norstat;08/15/17;August;2017;27.1;23.8;16.7;5.2;9.2;5;3.9;4.6;1.8;2.7;800
TNS / TV2;TNS;08/15/17;August;2017;30.3;21.5;13.7;3.6;12.6;3.9;4.4;3.1;4.7;2.1;800
Respons / Aftenp / BT / Adressa;Respons;08/11/17;August;2017;28.1;24.8;13.6;6.4;10.1;5.1;3.6;3.7;2.7;1.9;800
Opinion / ANB;Opinion;08/10/17;August;2017;30;24.9;12.3;4.1;10.8;6;3.2;4.3;2.9;1.5;800
Norfakta / Nat. / KK;Norfakta;08/05/17;August;2017;31.9;26.1;13.8;4.6;9.5;4.7;3.1;2.1;1.8;2.5;800
InFact / VG;InFact;08/04/17;August;2017;30;22.7;12.6;5.2;11.9;5.2;3.2;3.6;3.2;2.3;800
InFact / VG;InFact;07/09/17;Juli;2017;31.9;21.1;11.9;4.5;13;4.6;3.5;4.1;2.8;2.7;800
Norfakta / Nat. / KK;Norfakta;07/08/17;Juli;2017;32.2;22.9;14.7;4.6;9.7;5.2;3.3;3.9;1.8;1.7;800
Norstat / VL;Norstat;06/29/17;Juni;2017;30.6;23.3;15.2;4.3;11.7;4.1;3.4;3.9;1.8;1.7;800
Ipsos / Dagbladet;Ipsos;06/23/17;Juni;2017;31.7;23.1;12.8;4.7;12.2;3.9;4;3.2;3.3;1.2;800
Sentio / DN;Sentio;06/22/17;Juni;2017;30.3;24.2;11.6;4.3;11.3;4.8;3.6;3.9;3.3;2.8;800
TNS / TV2;TNS;06/20/17;Juni;2017;32.2;22.3;13.7;3.5;14.5;4.5;2.8;2.1;2.6;1.9;800
Respons / Aftenp. / BT;Respons;06/16/17;Juni;2017;31.7;24.1;14;4.8;9.8;4.7;3.5;3.1;2.3;2;800
Opinion / ANB;Opinion;06/15/17;Juni;2017;32.6;23.1;12;4.1;12.8;5.3;3.5;3.8;1.6;1.3;800
Norfakta / Nat. / KK;Norfakta;06/12/17;Juni;2017;28.5;25.5;14.4;4.7;12.1;4.4;3;3.2;2.5;1.8;800
InFact / VG;InFact;06/09/17;Juni;2017;32.3;20.5;12.5;4.5;11.8;4.8;3.2;3.6;3.5;3.3;800
Norstat / NRK;Norstat;06/08/17;Juni;2017;33;23.7;14;4.3;11.6;4.4;3.4;2.8;1.2;1.6;800
InFact / LF;InFact;06/08/17;Juni;2017;34.8;21.2;10.9;4.6;12.8;4.8;3;2.8;2.5;2.6;800
Norstat / VL;Norstat;06/01/17;Juni;2017;31;22.7;15.9;3.4;12.5;4.2;3.1;2.9;1.7;2.5;800
Ipsos / Dagbladet;Ipsos;05/26/17;Mai;2017;31.2;24.2;14.3;3.9;9.2;5.2;4.3;2.7;2.5;2.5;800
Sentio / DN;Sentio;05/26/17;Mai;2017;30.9;24.1;11;4.3;15.3;3.8;3.2;3.1;2.8;1.6;800
Opinion / ANB;Opinion;05/19/17;Mai;2017;29.4;21.8;15.1;4.1;12.1;5.5;2.9;3.1;3.8;2.1;800
Respons / Aftenp.;Respons;05/19/17;Mai;2017;30.9;23.9;16.1;3.8;11.4;4.4;3.4;2.6;2.1;1.4;800
TNS / TV2;TNS;05/11/17;Mai;2017;33.1;23.6;11.6;4.4;15;3.7;2.8;2.1;1.7;1.6;800
Norstat / NRK;Norstat;05/10/17;Mai;2017;32;24;12.8;4.4;11.2;5.2;3.2;2.6;2.2;2.4;800
InFact / VG;InFact;05/06/17;Mai;2017;32.6;21.6;11.2;4.4;12.7;5.5;3.9;3;3;2;800
Norfakta / Nat. / KK;Norfakta;05/06/17;Mai;2017;33.7;23.9;13;3.7;11;5;3.2;2.9;2.3;1.4;800
Norstat / VL;Norstat;05/06/17;Mai;2017;32.6;24.3;11.7;4.5;12.8;4.3;2.1;3;3.3;1.4;800
Sentio / DN;Sentio;04/29/17;April;2017;32.8;25.1;11.4;4.1;13.1;4.5;3.1;2.5;2;1.3;800
Ipsos / Dagbladet;Ipsos;04/28/17;April;2017;33.5;21.9;12.9;4.5;11.1;4.9;4.3;2.4;3.9;0.6;800
Opinion / ANB;Opinion;04/19/17;April;2017;30.5;25.1;13.1;4.8;11.3;4.2;4.3;2.5;2;2.1;800
InFact / VG;InFact;04/13/17;April;2017;31.7;19.3;12.9;4.9;13.5;6;3.7;3;2.5;2.4;800
Norfakta / Nat. / KK;Norfakta;04/10/17;April;2017;32.2;23.8;14.3;3.8;10.7;3.8;3.6;2.8;2.7;2.2;800
Respons / Aftenp / BT / Adressa;Respons;04/06/17;April;2017;30.5;23.6;13.2;5.4;11.5;5.7;3.6;2.6;2.3;1.6;800
TNS / TV2;TNS;04/06/17;April;2017;28.9;24.2;12.1;4.7;15.8;3.9;3.2;3.1;1.7;1.9;800
Norstat / NRK;Norstat;04/04/17;April;2017;33.4;23.7;12.3;4.7;11.3;5.1;3.7;2.6;1.5;1.6;800
Ipsos / Dagbladet;Ipsos;03/31/17;Mars;2017;30.9;25.3;10.6;3.9;13.4;5.3;4.2;2.4;2.5;1.6;800
Norstat / VL;Norstat;03/30/17;Mars;2017;30.8;20.6;15.8;5;14.3;4.5;2.7;2.5;2.5;1.3;800
Sentio / DN;Sentio;03/23/17;Mars;2017;34.1;22.7;10.8;4.2;12.3;5;3.9;3.6;2.8;0.7;800
InFact / Sp;InFact;03/21/17;Mars;2017;33.7;20.1;11.1;4.2;14.3;5.1;4.3;2.7;2.8;1.8;800
Opinion / ANB;Opinion;03/16/17;Mars;2017;29.5;26.3;14.3;5.4;9.7;5.5;3.8;2.2;1.5;1.9;800
Norfakta / Nat. / KK;Norfakta;03/16/17;Mars;2017;34.4;25.3;12.6;4.2;8.9;4.2;3.3;2.5;2.7;2;800
InFact / VG;InFact;03/10/17;Mars;2017;35.6;20.8;11.1;4.3;11;4.9;5.1;3.1;1.8;2.3;800
Respons / Aftenp;Respons;03/09/17;Mars;2017;32;24.8;11.4;4.6;10.7;5.4;3.7;3.5;2.6;1.3;800
Norstat / NRK;Norstat;03/09/17;Mars;2017;32.8;22.4;14.4;4.4;10.9;4.6;3.9;2.1;2;2.5;800
TNS / TV2;TNS;03/09/17;Mars;2017;32.5;23.7;13.2;4.7;11.1;5.4;3.6;2.1;2.5;1.4;800
Norstat / VL;Norstat;03/02/17;Mars;2017;31.2;23.8;13.2;3.4;10.9;5.4;3.9;2.7;3.2;2.3;800
Ipsos / Dagbladet;Ipsos;02/24/17;Februar;2017;31.6;23.8;14.1;3.8;11.4;5.2;3.5;2.2;3;1.2;800
Sentio / DN;Sentio;02/23/17;Februar;2017;30.2;23.7;14.1;3.9;11.4;5.3;5.3;2.2;1.7;2.1;800
Opinion / ANB;Opinion;02/16/17;Februar;2017;33.5;23.2;14.2;4;9.6;4.4;4;2.6;3.3;1.2;800
Norfakta / Nat. / KK;Norfakta;02/11/17;Februar;2017;33.9;25;12.7;3.7;9.6;5.6;3.9;2.4;1.6;1.5;800
Respons / Aftenp / BT / Adressa;Respons;02/10/17;Februar;2017;34.8;24.4;13.4;4.3;9.1;4.6;3.8;2.3;1.8;1.5;800
Norstat / NRK;Norstat;02/08/17;Februar;2017;33;24.6;13;5.1;8.6;5.8;3.4;3.1;1.1;2.3;800
TNS / TV2;TNS;02/08/17;Februar;2017;33.2;22.1;15.7;3.9;9.9;3.8;3.9;3.8;2;1.6;800
InFact / VG;InFact;02/06/17;Februar;2017;33;21;13.2;4.8;10.2;5.4;4.4;3.3;2.4;2.1;800
Norstat / VL;Norstat;02/02/17;Februar;2017;34.3;22.6;16;3.8;8.6;4.2;3.5;3.6;1.9;1.6;800
Ipsos / Dagbladet;Ipsos;01/28/17;Januar;2017;35.3;22.9;14.8;5;8;4.9;3.7;2.9;1.5;1;800
Sentio / DN;Sentio;01/27/17;Januar;2017;35.7;22.8;12.1;5.1;9.3;5.4;4.3;1.6;2.7;1;800
Opinion / ANB;Opinion;01/17/17;Januar;2017;34;23.3;16.3;3.6;8.3;5.6;3.7;2.7;2;0.6;800
Respons / Aftenp;Respons;01/14/17;Januar;2017;35.3;23.3;15.4;3.1;7.1;5;4.1;2.4;2.6;1.7;800
Norstat / NRK;Norstat;01/11/17;Januar;2017;36.1;24.5;15.2;4.1;6.1;5.1;3.9;2.4;1.5;1.1;800
InFact / VG;InFact;01/11/17;Januar;2017;36.9;20.9;12;4.7;8.9;5.4;3.2;3.2;2.2;2.6;800
TNS / TV2;TNS;01/10/17;Januar;2017;32.7;24.5;13.6;4.7;8.4;5.3;4.9;1.9;2.6;1.4;800
Norfakta / Nat. / KK;Norfakta;01/07/17;Januar;2017;37.8;25.3;11.8;4.2;6.2;4.8;4.2;2.6;1.9;1.1;800
Norstat / VL;Norstat;12/22/16;Desember;2016;34.1;22;15.7;4.2;6.3;6.2;3.8;2.9;2.1;2.6;800
Ipsos / Dagbladet;Ipsos;12/16/16;Desember;2016;37.8;23.3;13;3.4;6.8;4;4.8;2.9;1.5;2.1;800
Sentio / DN;Sentio;12/16/16;Desember;2016;36.8;23.3;13.7;3.6;8;4.8;3.5;2.8;1.9;1.6;800
Norfakta / Nat. / KK;Norfakta;12/10/16;Desember;2016;38.7;21.6;14.1;5.1;7.3;5.2;2.7;2.3;1.5;1.6;800
Respons / Aftenp / BT / Adressa;Respons;12/08/16;Desember;2016;34.1;24.9;14.2;4.5;7.5;4.4;4.7;2.4;2.2;1.1;800
Opinion / ANB;Opinion;12/07/16;Desember;2016;35.8;24.7;13.4;4.3;6.4;5.2;4.1;2.4;2.4;1.3;800
TNS / TV2;TNS;12/05/16;Desember;2016;37.2;23;13.3;3.9;6;4.3;4;4.5;1.7;2.1;800
InFact / VG;InFact;12/02/16;Desember;2016;36.9;19.9;12;4.8;8.4;5.2;4.5;3.5;2.6;2.1;800
Norstat / NRK;Norstat;12/01/16;Desember;2016;33.8;25;16.5;5;7.2;4.2;4.1;1.7;1.3;1.1;800
Norstat / VL;Norstat;11/24/16;November;2016;34.7;24.8;13.7;3.4;7.6;4.5;4.7;2.5;1.6;2.4;800
Ipsos / Dagbladet;Ipsos;11/19/16;November;2016;35.6;24.8;14.1;3.7;6.3;4;4.5;3.5;3.1;0.4;800
InFact / VG;InFact;11/18/16;November;2016;38.1;19.7;12.1;4.4;8.8;5.4;4.2;3.6;2;1.7;800
Sentio / DN;Sentio;11/18/16;November;2016;38.4;23.5;10.4;3.8;7.7;5.9;3.5;3.4;1.3;2.1;800
Respons / Aftenp;Respons;11/11/16;November;2016;33.7;24.1;12.4;4.5;7;5.5;6.6;2.3;2.1;1.8;800
Opinion / ANB;Opinion;11/09/16;November;2016;36;24.9;9.9;4.2;7.8;5.5;4.5;3.3;2.4;1.5;800
Norfakta / Nat. / KK;Norfakta;11/05/16;November;2016;34.6;24.9;14.2;4.1;6.1;4.9;6;1.8;1.6;1.8;800
Norstat / NRK;Norstat;11/02/16;November;2016;37.4;23.5;13.6;4.9;6.6;5;4;2.5;1.4;1.2;800
TNS / TV2;TNS;11/01/16;November;2016;38;23.7;11.9;5.7;5.3;4.8;3.6;3.1;2.3;1.5;800
Norstat / VL;Norstat;10/27/16;Oktober;2016;38.4;21.9;17.1;3.1;6.2;4.3;4;1.7;1.8;1.5;800
Ipsos / Dagbladet;Ipsos;10/24/16;Oktober;2016;36.3;25.3;12.8;4.3;6.4;4.7;4.5;2.6;2.3;0.7;800
Sentio / DN;Sentio;10/20/16;Oktober;2016;36.2;25.8;13.3;3.2;7.2;4.7;3;2.6;2.4;1.5;800
Respons / Aftenp. / BT;Respons;10/13/16;Oktober;2016;35.8;23.5;14;3.7;7;4.4;5.1;3.3;1.9;1.3;800
InFact / VG;InFact;10/12/16;Oktober;2016;38.3;21.7;11.5;4.2;8.5;5.1;4.8;2.5;1.5;1.9;800
Opinion / ANB;Opinion;10/12/16;Oktober;2016;36.8;26;12.9;3.7;6.6;3.7;4.5;1.9;2.3;1.5;800
Norfakta / Nat. / KK;Norfakta;10/10/16;Oktober;2016;38.5;23.3;12.9;4.2;5.5;4.7;4.6;2.9;1.5;1.8;800
Norstat / NRK;Norstat;10/05/16;Oktober;2016;33.9;26.2;14.1;3.9;7.2;4.2;4;3.9;0.9;1.7;800
TNS / TV2;TNS;10/03/16;Oktober;2016;34.9;27.1;12.8;4.2;6;4.7;4.3;2.4;1.9;1.9;800
Norstat / VL;Norstat;09/29/16;September;2016;34.6;26.3;13.7;2.8;6.7;4.3;3.4;3.5;2;2.8;800
Ipsos / Dagbladet;Ipsos;09/26/16;September;2016;34.4;23.7;14.4;5.4;7.9;4.3;4.3;3.2;2;0.3;800
Sentio / DN;Sentio;09/23/16;September;2016;38.4;22.9;14.7;4.4;7.4;4.4;3.7;1.8;1.1;1.2;800
Respons / Aftenp. / BT;Respons;09/17/16;September;2016;33.7;24.7;14.9;3.6;5.7;5.2;5.2;3.8;1.4;1.8;800
Opinion / ANB;Opinion;09/14/16;September;2016;37.5;24.2;11.4;3.3;6.7;6;4.4;3.3;2;1.1;800
InFact / VG;InFact;09/11/16;September;2016;32.3;22.7;13.2;5.9;8.8;7.1;3.3;2.1;2.1;2.4;800
Norfakta / Nat. / KK;Norfakta;09/10/16;September;2016;33.8;27.1;15.1;3.3;6.5;3.8;4.6;2.9;1;2;800
Norstat / NRK;Norstat;09/07/16;September;2016;33.7;25;16.2;3.7;6.9;4.3;4.5;3.1;1.7;0.9;800
TNS / TV2;TNS;09/05/16;September;2016;33.6;26.9;14.8;4.2;7.4;3.7;4.9;2.1;1.9;0.7;800
Norstat / VL;Norstat;09/01/16;September;2016;34.3;24.8;16.5;4.1;6.7;4.9;4.5;1.6;1.5;1.1;800
Ipsos / Dagbladet;Ipsos;08/29/16;August;2016;34.1;24.3;16.4;4.4;6.3;4.4;3.8;3.5;1.5;1.4;800
Sentio / DN;Sentio;08/29/16;August;2016;36.8;21.6;15.2;3;7.5;4.5;4.7;3.3;1.7;1.8;800
Respons / Aftenp. / BT;Respons;08/18/16;August;2016;36.1;24.7;13.7;4.2;5.5;5.2;4.7;2.6;1.2;2.1;800
Norstat / NRK;Norstat;08/17/16;August;2016;34.4;24.2;15.4;4.2;7.1;4.5;3.3;3;1.5;2.5;800
Opinion / ANB;Opinion;08/11/16;August;2016;36.4;25.4;14.5;2.6;6.4;5;4.6;2.4;1.7;1;800
TNS / TV2;TNS;08/08/16;August;2016;34;27.1;13.2;4.4;6.1;4.6;3.8;3.4;1.8;1.6;800
Norfakta / Nat. / KK;Norfakta;08/06/16;August;2016;36.2;26.4;12.2;3.9;6.9;5;3.7;3.5;1.3;0.8;800
Norfakta / Nat. / KK;Norfakta;07/09/16;Juli;2016;30.4;25.9;15.1;3.6;7.7;5;4.7;3;1.8;0;800
TNS / TV2;TNS;07/04/16;Juli;2016;32.2;24.9;14.9;4.7;7;5.1;4.5;2.6;2.9;1.1;800
Norstat / VL;Norstat;06/30/16;Juni;2016;35.3;23;15.6;4.6;6.8;4.4;3.5;4.2;1.2;1.3;800
Sentio / DN;Sentio;06/28/16;Juni;2016;32.3;23.2;17.5;3.3;5.9;6.1;4.3;4.5;1.4;1.5;800
Ipsos / Dagbladet;Ipsos;06/26/16;Juni;2016;30.7;25.3;16.2;3.7;6.7;5;4.3;3.5;2;2.5;800
Opinion / ANB;Opinion;06/15/16;Juni;2016;35.3;24.4;14.5;4.4;5.4;5.2;3.5;3.2;2.6;1.5;800
Norfakta / Nat. / KK;Norfakta;06/11/16;Juni;2016;35;23;14.9;5;6.8;5.1;5.4;3.2;1;0;800
Respons / Aftenp. / BT;Respons;06/10/16;Juni;2016;32.5;24.6;17.1;4.2;6.1;5;4.6;2.8;2.1;1;800
Norstat / NRK;Norstat;06/08/16;Juni;2016;34.5;21.5;16.6;4.2;7.1;4.8;4.2;2.8;1.8;2.5;800
TNS / TV2;TNS;06/06/16;Juni;2016;34.9;23.9;14.7;4.5;5.9;4.1;4.8;4.1;2.2;0.7;800
Norstat / VL;Norstat;06/03/16;Juni;2016;36.6;20.9;15.9;5.7;5.2;5.4;4.1;3.4;1.1;1.8;800
InFact / VG;InFact;05/28/16;Mai;2016;34;22.4;14.2;4.6;8.4;5.3;3.6;3.2;2;2.4;800
Ipsos / Dagbladet;Ipsos;05/27/16;Mai;2016;34.8;22.6;12.6;4.5;6.5;5.5;5.1;3.7;2.8;1.8;800
Sentio / DN;Sentio;05/27/16;Mai;2016;33.8;23.3;17.6;4.1;7.5;4.4;3.7;3.6;1.1;0;800
Opinion / ANB;Opinion;05/18/16;Mai;2016;31.3;25.4;14.5;3.4;6.2;6.4;3.9;4.2;2.5;2.2;800
Respons / Aftenp;Respons;05/13/16;Mai;2016;33.5;25.5;15.3;3.9;5.5;5.8;4.9;3.3;1.4;0.9;800
Norstat / NRK;Norstat;05/10/16;Mai;2016;32.1;24.3;15.1;5.1;6.5;5.3;5.3;2.5;2.4;1.3;800
Norfakta / Nat. / KK;Norfakta;05/07/16;Mai;2016;36;20.5;17.4;3.7;6.1;5;4.9;2.2;2.5;0;800
Norstat / VL;Norstat;05/06/16;Mai;2016;30.8;26.1;17.3;4.5;6.5;5.2;4.7;2.1;2;0.8;800
TNS / TV2;TNS;05/02/16;Mai;2016;35.9;25.1;15.6;2.6;6.3;4.6;3.8;3;1.8;1.4;800
Sentio / DN;Sentio;04/29/16;April;2016;33.4;23.5;14.7;4.4;6.9;6.1;5.2;2.3;1.7;1.8;800
Ipsos / Dagbladet;Ipsos;04/22/16;April;2016;32.8;23.1;15.8;5.9;5.9;6.2;4.7;3.2;2;0.4;800
Opinion / ANB;Opinion;04/20/16;April;2016;32.7;26.1;16.2;4.6;6.4;5.5;3.3;2.4;0.9;1.9;800
Respons / Aftenp. / BT;Respons;04/16/16;April;2016;33.7;22.8;16.7;4.3;5.2;5.5;5.1;3.9;1;1.8;800
Norstat / NRK;Norstat;04/13/16;April;2016;32.5;24.9;17.1;3.5;6;5.2;4.6;3.2;1.5;1.5;800
Norfakta / Nat. / KK;Norfakta;04/09/16;April;2016;35.3;24.5;16;2.6;5.4;5.1;5.6;3.4;1.5;0;800
InFact / VG;InFact;04/08/16;April;2016;33.6;22.4;15.5;4.9;7.2;5.5;3.9;3.5;1.9;1.6;800
Norstat / VL;Norstat;04/08/16;April;2016;34.6;21.8;18.8;3.3;5.6;4.8;4.2;3.6;1.6;1.7;800
TNS / TV2;TNS;04/05/16;April;2016;35.8;24.5;16.5;4.4;6.2;3.9;3.5;3;1.4;0.8;800
Sentio / DN;Sentio;03/30/16;Mars;2016;32.3;24.3;17.6;3.4;5.8;5.6;4.7;3.8;1.6;1.1;800
Ipsos / Dagbladet;Ipsos;03/17/16;Mars;2016;32.5;26.3;14.6;3;7.1;4.9;4.9;3.2;3;0.5;800
Opinion / ANB;Opinion;03/16/16;Mars;2016;33.1;26.6;16.4;3.6;5.4;3.9;4.5;3.7;1.7;1.3;800
Respons Aftenposten;Respons;03/11/16;Mars;2016;34.1;24.1;16.2;3.6;5.8;5.1;4.6;3;1.8;1.7;800
Norstat / NRK;;03/10/16;Mars;2016;31.6;24;18.6;4;6.6;4.8;4.4;2.9;1.5;1.6;800
Norfakta / Nat. / KK;;03/05/16;Mars;2016;31.4;25.3;16.9;3.7;6.4;4.6;5.1;3.1;2.2;1.3;800
Norstat / VL;;03/03/16;Mars;2016;31.2;25.9;17.1;5.7;6.3;4.9;3.6;3;1.5;0;800
TNS / TV2;;03/01/16;Mars;2016;33.6;24.8;15.8;4;6.1;4.7;4.4;3.2;2;1.5;800
InFact / VG;;02/29/16;Februar;2016;34;21.2;16.7;4.1;7.4;4.7;3.7;4.3;2;1.9;800
Sentio / DN;;02/26/16;Februar;2016;33.2;23.8;17;4.9;5.1;5.1;4.8;2.6;1.5;2.1;800
Ipsos / Dagbladet;;02/17/16;Februar;2016;33.8;21.4;18.2;4.2;5.9;3.8;4.5;4.9;2.5;0.7;800
Opinion / ANB;;02/17/16;Februar;2016;32;24;17.4;4.8;5.1;6.2;4.2;2.7;2.5;1.1;800
Norstat / NRK;;02/11/16;Februar;2016;32.4;25.1;18;3;5.8;5.5;4.2;4.4;1.1;0.4;800
Respons / Aftenp. / BT;;02/11/16;Februar;2016;32.5;25;18.1;3.9;4.9;4.5;4.8;4;1.6;0.7;800
Norfakta / Nat. / KK;;02/06/16;Februar;2016;31.9;26.5;16.9;4.2;4.9;4.9;4.2;3.2;2.4;0.9;800
Norstat / VL;;02/04/16;Februar;2016;33.5;25.7;14.6;4.6;4.9;5.5;3.6;3.7;2.5;1.4;800
TNS / TV2;;02/01/16;Februar;2016;33.4;25;14.2;3.1;5.8;6.3;4.9;3.8;2.4;1.2;800
InFact / VG;;02/01/16;Februar;2016;33.4;23.4;15.4;4.9;7.4;5.1;3.2;3.9;1.8;1.5;800
Sentio / DN;;01/28/16;Januar;2016;32.5;24.1;17.2;3.8;6.4;4.3;3.4;4.4;1.5;2.3;800
Ipsos / Dagbladet;;01/21/16;Januar;2016;37.1;22.6;15.6;3.3;6.1;4.7;4.9;2.6;2.9;0;800
Opinion / ANB;;01/20/16;Januar;2016;32.2;25.3;17.5;4.1;5.4;4.2;4.1;4.3;2.5;0.4;800
Respons / Aftenp;;01/15/16;Januar;2016;30.8;23.4;17.8;4.5;5.7;5.1;4.7;4.2;2;1.8;800
Norstat / NRK;;01/13/16;Januar;2016;29.7;25;16.3;4.3;6.5;5.6;5;4.3;1.7;1.6;800
TNS / TV2;;01/11/16;Januar;2016;33.5;24.2;15.7;3.9;5.3;5.4;5.2;3.5;2.2;1;800
Norfakta / Nat. / KK;;01/09/16;Januar;2016;33.4;24.5;14.8;4.4;6.2;4.5;4.1;4.5;1.2;2.3;800
Norstat / VL;;12/29/15;Desember;2015;33.4;23.8;19.2;3.5;4.5;6;3.2;3;1.7;1.7;800
Ipsos / Dagbladet;;12/18/15;Desember;2015;34;20.9;16.9;3.6;7.6;4.5;4;5.4;1.9;1;800
Sentio / DN;;12/16/15;Desember;2015;35.6;20.6;16.6;3.6;7.1;4.3;4;4.4;2.2;1.6;800
Respons / Aftenp. / BT;;12/10/15;Desember;2015;31.3;23.7;17.6;3.9;5.3;5;5.2;4.6;1.6;1.8;800
Opinion / ANB;;12/09/15;Desember;2015;35.4;21.6;18.3;3.3;6;4.4;3.3;3.8;1.9;1.9;800
Norfakta / Nat. / KK;;12/07/15;Desember;2015;33.5;20.7;18.2;3.5;4.7;5.1;4.5;5.3;1.9;0;800
Norstat / NRK;;12/02/15;Desember;2015;34.6;22.5;17.3;4.3;5.8;5.4;3.4;4;1.8;1;800
TNS / TV2;;12/01/15;Desember;2015;34.2;22.5;15.6;3.9;6.6;5.2;5.2;3.9;2.1;1.2;800
Norstat / VL;;11/26/15;November;2015;35.8;20.4;18.1;4;6.5;4.6;3.5;3.2;2.4;1.6;800
Sentio / DN;;11/21/15;November;2015;34.9;20.3;18.2;3;7;5.2;3.6;4.7;1.6;1.4;800
InFact / VG;;11/20/15;November;2015;35.3;20.3;16.1;4.4;7.2;5.3;4.2;3.4;2;1.7;800
Ipsos / Dagbladet;;11/19/15;November;2015;36.1;20;17.5;3.8;6.2;4.4;4.5;4.3;2.7;0;800
Respons / Aftenp. / BT;;11/12/15;November;2015;32.3;22.8;18.7;4.3;5.1;4.7;5.3;4.1;1.9;0.8;800
Opinion / ANB;;11/11/15;November;2015;33.1;24.7;15.3;3.6;6.7;4.2;4.2;4.5;1.5;2.2;800
Norfakta / Nat. / KK;;11/07/15;November;2015;35.2;21.7;16.6;4.2;4.3;4.9;5.2;5.1;1.5;1.3;800
Norstat / NRK;;11/04/15;November;2015;35.5;23.8;13.3;3.9;6;5.5;4.2;3.9;1.9;1.9;800
TNS / TV2;;11/02/15;November;2015;37.9;23.7;12.5;3.8;6.3;5.3;3.7;3.4;2.1;1.3;800
Norstat / VL;;10/28/15;Oktober;2015;32.4;24.3;15;5.4;6.8;5;4.9;3.4;2.2;0.6;800
Ipsos / Dagbladet;;10/23/15;Oktober;2015;35.5;23.3;10.2;5.9;7.7;5.4;4.8;3;3.2;1;800
Sentio / DN;;10/23/15;Oktober;2015;37.6;22.5;12.3;3.3;7.2;5;5.6;4.5;1.1;1;800
Respons / Aftenp;;10/16/15;Oktober;2015;34.5;24.3;13.2;4.3;6.3;5.3;4.9;4;2.1;1.1;800
Norstat / NRK;;10/14/15;Oktober;2015;40.2;20.3;12.8;3.4;5.8;5.6;5.2;4.2;1.2;1.3;800
Norfakta / Nat. / KK;;10/10/15;Oktober;2015;38.1;23.3;11.9;4.1;5.5;5.2;6;4.9;0.9;0;800
Opinion / ANB;;10/08/15;Oktober;2015;36.2;22.7;11;3;6.4;6.9;5.6;4.8;1.8;1.5;800
TNS / TV2;;10/05/15;Oktober;2015;37.9;23.5;9.5;5;5.8;5.9;5.1;4;2.1;1.6;800
Norstat / VL;;10/01/15;Oktober;2015;34.8;22;12.4;3.5;8;5.6;5;5.1;1.7;2;800
Norstat / NRK;;09/29/15;September;2015;34.6;23.5;11.3;3.9;7.2;6.2;5.5;4.5;1.8;1.6;800
Ipsos / Dagbladet;;09/28/15;September;2015;37.9;23.2;11.3;3.8;6.6;5.7;4.9;3.5;2.4;0.6;800
Sentio / DN;;09/26/15;September;2015;36.7;21.6;12.5;4;5.5;5.6;5;5.9;1.4;1.9;800
Respons / Aftenp. / BT;;09/22/15;September;2015;34.6;23.3;13.3;4.7;6.5;5.2;5.7;4.1;1.5;1.1;800
Norfakta / Nat. / KK;;09/05/15;September;2015;35.6;25.6;12.6;3.1;5.6;5.9;4.1;5.4;1.2;0;800
Norstat / VL;;09/03/15;September;2015;34.4;22.5;12.4;5.2;6.4;5.3;6.2;5.1;0;1.4;800
Respons / Aftenp. / BT;;08/28/15;August;2015;33.1;23.8;12.8;3.9;6.2;5;5.2;5;2.2;2.8;800
Sentio / DN;;08/27/15;August;2015;34.2;20.6;14.3;4.6;6.3;6.1;3.8;6;1.6;2.3;800
TNS / TV2;;08/27/15;August;2015;36.3;24.9;11.6;4.8;5.9;3.1;5.4;5;1.6;1.4;800
Ipsos / Dagbladet;;08/23/15;August;2015;38.3;24;13;4.8;4.2;4.6;5.2;4;1.4;0.5;800
Opinion / ANB;;08/19/15;August;2015;37.6;21.7;12.8;3.5;6.2;5.2;4.8;4.7;1.4;2.2;800
Norstat / NRK;;08/12/15;August;2015;37.4;24.7;12.4;3.6;6.1;4.7;3.6;4.4;1.8;1.4;800
TNS / TV2;;08/10/15;August;2015;37.4;24.4;11.7;3.4;5.5;5;4.6;4.9;1.8;1.4;800
Norfakta / Nat. / KK;;08/08/15;August;2015;36.4;26.2;12.7;3.2;5.6;5.4;3.4;3.9;1.4;1.8;800
Norfakta / Nat. / KK;;07/11/15;Juli;2015;38.1;21.8;13.3;3.9;4.3;5.7;4.5;3.9;2.5;2;800
TNS / TV2;;07/10/15;Juli;2015;38.8;22.8;11;4.1;4.6;4.6;5.7;5;1.5;1.7;800
Norstat / VL;;07/02/15;Juli;2015;35.8;23.4;14.2;4.9;6.4;5.1;3.5;3.9;1;1.6;800
Sentio / DN;;06/2/15;Juni;2015;38.1;22;16.4;2.8;5.7;5.3;3.9;3.9;1.8;0.3;800
Ipsos / Dagbladet;;06/22/15;Juni;2015;36.8;21.4;14.3;4;5.9;5.6;4;4.5;2.2;1.4;800
Opinion / ANB;;06/17/15;Juni;2015;41.1;22.8;9.6;3.3;5.2;5.6;3.8;6.5;1;1.3;800
Norstat / NRK;;06/12/15;Juni;2015;41;22;12.1;3.5;5.1;5.2;4.5;4.3;1.1;1.3;800
Respons / Aftenp. / BT;;06/11/15;Juni;2015;35.9;24.7;12.9;3.6;5.7;5.3;5.3;4.8;1.2;0.6;800
Norfakta / Nat. / KK;;06/06/15;Juni;2015;39.5;22.2;10.9;3.4;6.5;5.4;4.7;4;1.4;0;800
TNS / TV2;;06/05/15;Juni;2015;37.9;23.5;11.7;4.2;5.7;5.1;5.3;4.1;1.4;1.1;800
Norstat / VL;;06/04/15;Juni;2015;40;21.6;11.7;2.1;5.7;5.6;4.7;4;1.6;3;800
Sentio / DN;;06/02/15;Juni;2015;40.3;22.1;11.3;4.3;5.5;5.3;4;3.9;1.5;1.8;800
Ipsos / Dagbladet;;05/26/15;Mai;2015;38.6;23.2;12.8;3.2;6.2;4.9;3.6;4.9;1.6;0.9;800
Norstat / NRK;;05/26/15;Mai;2015;37.5;22;12.1;3.8;6.4;5.8;3.9;5.5;1.4;2.6;800
Opinion / ANB;;05/14/15;Mai;2015;38.6;24.2;12.2;3.1;6;4.7;3.6;5;2;0.6;800
Norfakta / Nat. / KK;;05/09/15;Mai;2015;37.6;22.8;12.5;3.1;5.3;5.6;5.2;3.6;1.7;2.5;800
Respons / Aftenp. / BT;;05/07/15;Mai;2015;36.8;24.2;13.3;3.8;5.2;5.3;5.6;3.7;1.3;0.8;800
Norstat / VL;;05/06/15;Mai;2015;42.5;22.8;10.6;3.3;5.4;4.6;4.5;4;1.2;1.1;800
TNS / TV2;;05/04/15;Mai;2015;35;26.5;11.1;4.7;6.5;5.2;5.1;3.3;1.7;1;800
Sentio / DN;;05/01/15;Mai;2015;37.4;26.1;11.3;3.7;5;5.6;4.9;3;1.2;1.8;800
Ipsos / Dagbladet;;04/25/15;April;2015;38.8;22.3;13;4;5.1;5.4;5;3.6;1.9;1;800
Opinion / ANB;;04/22/15;April;2015;40.4;21.8;11.3;3.1;6.1;7.1;4.6;4.4;0.5;0.6;800
Respons / Aftenp / BT / Adressa;;04/16/15;April;2015;37.3;25.2;10.9;3.1;5.8;5.2;5;4.4;1.4;0.7;800
Norstat / NRK;;04/15/15;April;2015;41.5;22.2;11.8;3.8;5.7;4.8;3.7;3.8;1.1;1.8;800
TNS / TV2;;04/13/15;April;2015;39.6;22.6;8.6;5.1;4.7;5.4;6.5;4.1;2;0;800
Norfakta / Nat. / KK;;04/11/15;April;2015;37.3;24.7;11.7;3.8;5.6;5.3;6;3.3;0.8;1.5;800
Norstat / VL;;04/01/15;April;2015;41.7;22.3;10;2.6;5.9;6.5;3.8;4.3;1.8;1.2;800
Ipsos / Dagbladet;;03/30/15;Mars;2015;41.1;23.5;9.9;3.7;7.3;4.6;4.1;3;2.2;0.6;800
Sentio / DN;;03/26/15;Mars;2015;42.5;23.6;9.1;3.3;6.3;6.6;3.7;3.1;1.2;0.7;800
Opinion / ANB;;03/18/15;Mars;2015;43.4;23.5;9.8;2.6;4.1;5.9;3.4;4.4;1.6;1.2;800
Respons / Aftenp.;;03/12/15;Mars;2015;42.1;21.3;9.5;3;6.1;6.3;6.3;2.7;1.1;1.5;800
Norstat / NRK;;03/12/15;Mars;2015;40.5;21.9;12.2;3.8;6.6;4.5;4.2;3.6;0.9;1.9;800
Norfakta / Nat. / KK;;03/07/15;Mars;2015;41.6;23.4;11.5;3.8;4.9;4.4;5.2;2.6;1;0;800
Norstat / VL;;03/05/15;Mars;2015;41.6;21;10;4.1;5.8;6.4;5.1;3.1;1.1;1.8;800
TNS / TV2;;03/02/15;Mars;2015;38.8;25;10.7;4.8;5.8;5;4.3;3;2;0.7;800
Ipsos / Dagbladet;;03/02/15;Mars;2015;41.3;21.5;11.3;3.7;5.5;5.6;4.2;3.7;2.7;0.4;800
InFact / VG;;02/28/15;Februar;2015;41.8;20.8;11.7;3.8;4.8;6;4.4;4.2;1.4;1.2;800
Sentio / DN;;02/25/15;Februar;2015;43.4;21.4;9.2;4.3;5.8;5.4;4.6;3.6;1;1.5;800
Opinion / ANB;;02/19/15;Februar;2015;42.8;21.4;10;4;6.4;4.9;4.5;3.1;2.4;0.6;800
Respons / Aftenp;;02/16/15;Februar;2015;41.1;21.7;9.9;4.1;5.9;5.8;5.2;3.3;1.8;1.1;800
Norstat / NRK;;02/11/15;Februar;2015;39.7;21.8;13.5;3.6;6.5;4.7;4.1;3.9;1.3;0.8;800
Norfakta / Nat. / KK;;02/07/15;Februar;2015;41.3;21.9;12.4;3.8;5.1;4.5;4.9;2.9;1.2;2.1;800
Norstat / VL;;02/05/15;Februar;2015;42.4;20.9;12.1;3.6;5.1;5.1;5;4.6;0.7;0.4;800
TNS / TV2;;02/02/15;Februar;2015;42.3;20.3;10.6;4.1;6;5.8;4.9;3.5;1.5;1;800
Sentio / DN;;01/30/15;Januar;2015;42.7;23.4;10.2;3.3;4.8;5.2;4.6;2.7;1;2.5;800
Ipsos / Dagbladet;;01/23/15;Januar;2015;42.4;22.7;11.2;3.9;5;5.6;4.2;3.2;1.5;0.9;800
Opinion / ANB;;01/21/15;Januar;2015;40.6;22.9;11.9;3.5;5.3;5.6;4.7;3.5;1.4;0.7;800
Respons / Aftenp.;;01/19/15;Januar;2015;41.2;22.7;11.3;4.6;4.6;5.3;4.8;3.7;1.2;0.6;800
Norstat / NRK;;01/14/15;Januar;2015;40.4;23.3;12.3;3.3;5;5.4;4.4;3.9;1;1.2;800
TNS / TV2;;01/12/15;Januar;2015;42.8;20.9;10.5;3.2;7;4.7;5.7;3.2;1.2;0.8;800
Norfakta / Nat. / KK;;01/10/15;Januar;2015;40.1;22.6;11.9;4.4;6.1;5.2;3.8;3.3;1.4;1.2;800
Norstat / VL;;12/29/14;Desember;2014;41.6;22;12.4;3;4.1;5.6;4.6;4.8;1.3;0.4;800
Sentio / DN;;12/20/14;Desember;2014;42.3;21.2;11.4;4.3;5.7;5.2;5.3;2.6;1.3;0.6;800
Ipsos / Dagbladet;;12/20/14;Desember;2014;39.8;23.4;12;3.9;5.4;5.9;4.8;3;0.9;0.9;800
Respons / Aftenp. / BT;;12/11/14;Desember;2014;42;22;10.1;3.5;6;6.1;5.1;3.4;1.6;0.2;800
Opinion / ANB;;12/10/14;Desember;2014;41.8;22.3;10.2;3.5;5.6;5.6;5;4.2;1.1;0.6;800
Norfakta / Nat. / KK;;12/06/14;Desember;2014;40.5;23.6;11.6;3.8;5.4;5.4;4.9;2.1;0.9;1.8;800
Norstat / NRK;;12/04/14;Desember;2014;42.8;21.5;12.6;3.3;5.4;5;3.3;3.7;1;1.2;800
TNS / TV2;;12/01/14;Desember;2014;40.7;23.9;10;4.7;4.1;4.1;4.8;4.4;2.1;1.2;800
InFact / VG;;11/28/14;November;2014;40.6;19.5;12.9;3.9;5.5;6.4;4.7;3.8;1.4;1.3;800
Norstat / VL;;11/28/14;November;2014;41;22.2;11.3;4;5.4;6.3;3.7;4.1;1;1.1;800
Ipsos / Dagbladet;;11/21/14;November;2014;41.4;23;13;3.8;5.1;4.9;4.4;2.9;0.7;0.9;800
Sentio / DN;;11/21/14;November;2014;41.2;23.3;10.7;3.5;6.1;4.6;3.8;3.9;2.2;0.9;800
Respons / Aftenp. / BT;;11/13/14;November;2014;36.2;23.1;11.9;3.5;5.4;7.2;7;3.6;1.3;0.8;800
Opinion / ANB;;11/13/14;November;2014;42.2;22;11.4;3.8;5.2;5.9;3.9;3.5;1.3;0.9;800
Norfakta / Nat. / KK;;11/08/14;November;2014;38.3;23.4;11.3;4.1;4.8;6.6;6;2.9;1.4;1.2;800
Norstat / NRK;;11/04/14;November;2014;40.9;23.8;11.3;3.8;4.9;5.7;4.3;3.5;1.2;0.5;800
TNS / TV2;;11/03/14;November;2014;39.8;23.4;9.5;4.4;5.4;5.4;4.9;3.6;2;1.4;800
InFact / VG;;10/31/14;Oktober;2014;39.2;21.4;14.1;4.5;4.7;5;4.8;3.3;1.6;1.5;800
Norstat / VL;;10/30/14;Oktober;2014;37.6;24.7;13.2;3.7;5.2;4.9;4.7;3.9;1.3;0.9;800
Ipsos / Dagbladet;;10/27/14;Oktober;2014;37.4;25.9;12.2;3.3;5.6;4.5;5.4;3.8;1.4;0.6;800
Sentio / DN;;10/25/14;Oktober;2014;39.8;25.5;12.2;3.1;5.1;4.5;3.6;3.3;0.9;2.1;800
Respons / Aftenp.;;10/16/14;Oktober;2014;38.4;24.6;12.8;3.4;5;5;4.4;3.7;1.3;1.4;800
Opinion / ANB;;10/16/14;Oktober;2014;39;25.9;13.8;2.7;4.6;4.4;4.5;3;0.6;1.4;800
Norfakta / Nat. / KK;;10/13/14;Oktober;2014;35.1;25.7;13.3;3.2;6.5;5.6;4.4;3.5;1.7;1;800
Norstat / NRK;;10/08/14;Oktober;2014;34;27.2;14.3;3.9;5.3;4.9;4.6;4;1.1;0.8;800
TNS / TV2;;10/06/14;Oktober;2014;36.5;25.3;13.8;4.7;4.2;3.7;5.2;4.5;1.6;0.6;800
Norstat / VL;;10/02/14;Oktober;2014;36.3;26;14.9;3.2;5.3;4.5;3.9;3.4;1.5;0.9;800
Ipsos / Dagbladet;;09/27/14;September;2014;34;28.5;13;4;4.7;4.9;4.4;2.6;1.6;1.8;800
Sentio / DN;;09/27/14;September;2014;34.1;25.8;13.7;4.2;5.6;5.5;4.5;3.8;1.5;1.3;800
Respons / Aftenp. / BT;;09/19/14;September;2014;34.2;26.4;15.8;3.6;5.4;5;4.4;3.2;1.2;0.8;800
Opinion / ANB;;09/17/14;September;2014;34.8;27.5;14.3;3.4;3.8;5;5;4.1;1.4;0.8;800
Norstat / NRK;;09/09/14;September;2014;37.6;25.8;13.3;3.2;4.6;5.9;4.7;3.3;0.8;0.8;800
Norfakta / Nat. / KK;;09/06/14;September;2014;36.2;25.2;15.3;3.6;5.3;4.8;4.4;3.2;1;1;800
Norstat / VL;;09/03/14;September;2014;35.3;27;15.1;2.4;4.9;4.8;4.8;3.9;1.2;0.5;800
TNS / TV2;;09/01/14;September;2014;34.1;26.7;12.3;4.3;5.3;4.9;6;4.1;1.1;1.1;800
InFact / MDG;;08/31/14;August;2014;33.8;26.3;15.1;4.2;4.8;5.1;4.2;3.7;1.2;1.6;800
Sentio / DN;;08/29/14;August;2014;33.6;28.5;13.8;3.5;6.3;4.2;4.5;3.4;0.7;1.3;800
Ipsos / Dagbladet;;08/23/14;August;2014;32.8;30.9;11;3.8;4.5;4.5;5.4;4.2;1.4;1.5;800
Respons / Aftenp / BT / Adressa;;08/22/14;August;2014;34.8;25.4;14.7;4.6;5;5.5;4.5;3.3;1.1;1.1;800
Opinion / ANB;;08/21/14;August;2014;36.6;27.1;13.4;2.5;5.1;4.7;4.7;4.2;0.8;1.8;800
Norstat / NRK;;08/14/14;August;2014;34.3;25.5;15.3;4.4;4.9;5.5;4.5;3.1;1.2;0.4;800
TNS / TV2;;08/12/14;August;2014;33.7;26.6;12.6;4;4.9;6.2;5;4.1;1.8;0.8;800
Norfakta / Nat. / KK;;08/11/14;August;2014;36;24.6;15;3.9;5.7;4.9;4.5;3.5;1.2;0.7;800
Norfakta / Nat. / KK;;07/07/14;Juli;2014;36.8;26.3;12.8;2.7;5.1;5.1;5.2;3.7;1.1;1.2;800
Norstat / VL;;07/03/14;Juli;2014;34.4;26.6;14.1;2.9;5.9;4.2;5.5;3.8;1.5;1.1;800
TNS / TV2;;07/01/14;Juli;2014;37.6;27.6;10;3.4;5;4.6;5.2;3.3;2;1.4;800
Sentio / DN;;06/26/14;Juni;2014;34.5;25.4;15.5;3.1;4.8;5.4;4;3.5;1.3;2.5;800
Ipsos / Dagbladet;;06/21/14;Juni;2014;35.5;28.5;12.1;3.1;5.5;4.2;4.7;4.1;1.4;0.9;800
Opinion / ANB;;06/19/14;Juni;2014;36.1;25.3;14.2;3.4;5.3;5.5;4.8;3.6;1.4;0.4;800
Norstat / NRK;;06/12/14;Juni;2014;35.4;26.1;14.5;3.7;4.9;5.8;3.8;4.3;0.9;0.6;800
Respons / Aftenp. / BT;;06/07/14;Juni;2014;33.6;26.5;14.4;4.3;5.1;5.4;4.7;3.3;1.1;1.6;800
Norfakta / Nat. / KK;;06/07/14;Juni;2014;34.5;25.7;13.5;3;6.1;5.7;5.5;3.1;1.3;1.6;800
Norstat / VL;;06/07/14;Juni;2014;35.8;26.9;14.1;2.5;4.4;5;4.7;4;1;1.4;800
TNS / TV2;;06/02/14;Juni;2014;34.4;26.1;11.7;4.5;6.1;4.6;6.5;3.1;1.7;1.3;800
Sentio / DN;;05/31/14;Mai;2014;34.9;26.2;13.1;3.3;5.3;5.4;5.9;2.3;1.5;2.1;800
InFact / VG;;05/31/14;Mai;2014;33.7;26;14.3;4.5;5;5.7;4.7;3.8;1.2;1.3;800
Ipsos / Dagbladet;;05/24/14;Mai;2014;36;25.6;14.5;3.7;5.1;4.9;4.6;2.8;2;0.9;800
Opinion / ANB;;05/22/14;Mai;2014;32.7;26.9;15.1;3.9;4.8;5.7;5.4;3.3;1.9;0.4;800
Norstat / NRK;;05/16/14;Mai;2014;35.9;26.5;14.3;3.8;4.6;4.8;4.7;4.1;0.9;0.4;800
Norfakta / Nat. / KK;;05/10/14;Mai;2014;33.9;28.1;13.3;4;4.9;4.9;5.4;3.2;0.7;1.6;800
Respons / Aftenp. / BT;;05/09/14;Mai;2014;33.2;26.8;12.8;4.3;5.7;5.7;4.8;3.5;1.3;1.6;800
Norstat / VL;;05/08/14;Mai;2014;34.4;26.2;13.7;4.4;5.7;5.4;5;3.1;1.3;0.1;800
TNS / TV2;;05/05/14;Mai;2014;32.2;27.8;12.5;4.5;4.9;4.8;5.3;4.2;1.7;2.1;800
Sentio / DN;;05/02/14;Mai;2014;31.7;28.9;13.2;3.7;5.1;5.4;5.9;3.7;0.7;1.7;800
InFact / VG;;04/30/14;April;2014;34.2;25.3;15.8;4;4.6;5;4.7;3.7;1.4;1.3;800
Ipsos / Dagbladet;;04/28/14;April;2014;32.8;27.9;13.2;4.8;4.6;5.6;6.3;0;2.1;2.9;800
Opinion / ANB;;04/23/14;April;2014;34.5;27.5;13.8;3.1;4.7;5.2;5.3;4;1;0.8;800
Respons / Aftenp.;;04/11/14;April;2014;34;29.8;13.6;2.9;4.3;5.4;5.3;2.4;1.4;0.9;800
Norstat / NRK;;04/11/14;April;2014;35.4;25.9;15.7;3.4;3.9;5.1;5;3.7;1.4;0.5;800
Norfakta / Nat. / KK;;04/05/14;April;2014;34.5;27.8;13.9;3.7;4.9;4.9;4.7;3.5;0.9;1.2;800
Norstat / VL;;04/03/14;April;2014;35.7;27;13.9;3.4;4.5;5.8;4.7;3.1;1.2;1.6;800
InFact / VG;;04/03/14;April;2014;33.5;26.8;14.9;3.6;4.9;5.4;5.3;2.9;1.2;2.1;800
TNS / TV2;;04/02/14;April;2014;33;29.5;11.3;4.5;4.5;5.9;6.1;3.5;1.1;0.6;800
Ipsos / Dagbladet;;03/30/14;Mars;2014;33.7;27.6;12.8;5;4.9;4.6;5.5;3.1;1.6;1.3;800
Sentio / DN;;03/28/14;Mars;2014;35.3;26.2;15.1;3.9;5.1;5.1;4.3;2.6;1;1.4;800
Opinion / ANB;;03/20/14;Mars;2014;35.7;26.6;14.9;3.9;4.7;4.7;5;2.5;1.1;1;800
Respons / Aftenp.;;03/15/14;Mars;2014;34.7;27.7;13.9;3.6;4.4;5.1;6.1;2.8;1.4;0.3;800
Norstat / NRK;;03/13/14;Mars;2014;35.2;26.4;14.6;2.8;4.7;5;4.7;3.6;1.4;1.7;800
Norfakta / Nat. / KK;;03/10/14;Mars;2014;33.4;26.6;15.5;3.5;5.2;5.9;4.6;3.4;1.3;0.6;800
Norstat / VL;;03/06/14;Mars;2014;34.3;27;13.9;3.7;5;4.6;4.2;3.9;2.1;1.2;800
InFact / VG;;03/04/14;Mars;2014;33.6;26.8;15.5;3.6;4.9;4.8;5;3.3;0.9;1.6;800
TNS / TV2;;03/03/14;Mars;2014;35.2;27.6;11.6;4.3;4.9;4.7;6.2;3.2;1.5;0.8;800
Ipsos / Dagbladet;;03/02/14;Mars;2014;34.4;26.5;15;3.3;4.7;5.3;5.2;3;2;0.6;800
Sentio / DN;;02/28/14;Februar;2014;33.7;29.9;12.8;4;5.1;5.1;4.3;2.2;1;1.8;800
Opinion / ANB;;02/20/14;Februar;2014;34.8;27.2;15;3.2;4.3;4.9;5.1;2.9;1.3;1.2;800
Norstat / NRK;;02/19/14;Februar;2014;33.1;28.8;13;3.9;4.9;5.9;4.3;3.8;1.4;0.9;800
Respons / Aftenp / Adressa;;02/14/14;Februar;2014;34.7;27;14.3;4.8;4.6;5;5.1;2.5;0.9;1.1;800
Norfakta / Nat. / KK;;02/10/14;Februar;2014;34.3;28.8;14.5;3.1;4;5.2;4.6;3.1;1.2;1.2;800
Norstat / VL;;02/06/14;Februar;2014;32.1;30.3;11.7;3.9;5.9;5.1;5.1;4;1.4;0.5;800
TNS / TV2;;02/03/14;Februar;2014;34.1;29.2;11.9;4.2;5.2;5.6;4.9;2.8;1.1;0.9;800
InFact / VG;;01/31/14;Januar;2014;32.4;28.3;14.1;4;4.6;5.3;5.2;3.3;1.6;1.3;800
Sentio / DN;;01/31/14;Januar;2014;35.3;28.4;15.5;3.1;4.3;4.7;3.8;3;0.9;1;800
Ipsos / Dagbladet;;01/26/14;Januar;2014;34.6;28;14.2;3.5;4.9;5.2;4.5;2.4;1.8;0.9;800
Opinion / ANB;;01/23/14;Januar;2014;33.8;28.8;13.4;4;4.5;4.8;5.5;3.9;0.9;0.4;800
Respons / Aftenp. / BT;;01/17/14;Januar;2014;33.7;31;12.6;3.7;4.3;5.2;4.6;2.7;1.2;1;800
Norstat / NRK;;01/17/14;Januar;2014;32.7;30.5;11.7;4.2;4.3;6.3;5.2;3.1;1.2;1.3;800
TNS / TV2;;01/13/14;Januar;2014;32.4;28.6;12.6;4.8;5.1;5.5;4.2;3.2;1.3;2.3;800
Norfakta / Nat. / KK;;01/11/14;Januar;2014;32.9;29.4;14.7;4.1;3.9;5.5;4.9;3.3;0.4;1;800
Norstat / VL;;12/28/13;Desember;2013;34.9;27;14.7;3.4;4.3;5.7;4.5;3.2;1.1;1.4;800
InFact / VG;;12/26/13;Desember;2013;35.3;25.8;14.3;4;4.8;5.1;4.6;3.4;1.4;1.3;800
Sentio / DN;;12/23/13;Desember;2013;34;27.2;13.9;3.9;4.9;4.4;5.6;3;1.1;1.3;800
Ipsos / Dagbladet;;12/21/13;Desember;2013;32.1;29.9;13.2;4.6;5;4.6;5.1;2.7;1.6;1.3;800
Respons / Aftenp.;;12/14/13;Desember;2013;33.2;28.7;14.5;3.6;4.6;5.2;5.4;2.3;1.5;1;800
Opinion / ANB;;12/12/13;Desember;2013;32.7;27.9;14.8;3.5;4.9;5.8;5.4;3.1;0.8;1.1;800
Norfakta / Nat. / KK;;12/09/13;Desember;2013;32.7;28.7;14.6;4;4.5;5.3;4.7;2.4;1.3;1.8;800
Norstat / NRK;;12/09/13;Desember;2013;32.8;28.2;14.1;3.7;4.8;5.4;5.2;3.3;1;1.5;800
InFact / VG;;12/03/13;Desember;2013;33.4;26.4;14.9;4.1;4.7;6.1;4.7;3.1;1.2;1.4;800
TNS / TV2;;12/02/13;Desember;2013;31.5;27.8;12.9;4.5;5;6.4;6.9;2.6;1.3;1.2;800
Norstat / VL;;11/29/13;November;2013;31.7;28;15.2;3.4;5.3;5.3;5.7;3.2;1.3;1;800
Ipsos / Dagbladet;;11/25/13;November;2013;30.8;30.1;13.5;4.4;4.8;5.2;6;3.1;0.9;1;800
Sentio / DN;;11/23/13;November;2013;34.5;27;14.3;3.5;4.3;6.2;4.8;3;1.3;1.1;800
Respons / Aftenp.;;11/15/13;November;2013;35.1;26.2;15.1;3.8;5.3;4.6;4.5;2.8;1.1;1.5;800
Opinion / ANB;;11/14/13;November;2013;31.6;27.9;14.3;3.2;5.6;6;6.1;3.3;1.5;0.6;800
Norfakta / Nat. / KK;;11/11/13;November;2013;30.8;29.5;15.3;4.5;4.8;5.1;4.8;2.8;1.1;1.3;800
Norstat / NRK;;11/07/13;November;2013;31.4;27.1;15.3;4.3;5.3;5;5;3.8;0.9;1.9;800
TNS / TV2;;11/04/13;November;2013;31;28.1;12.4;5.3;4.9;6.2;5.8;3.8;1.4;1.2;800
Norstat / VL;;11/01/13;November;2013;32.9;26.9;15.1;4;4.9;4.9;5.5;3.9;1.1;0.7;800
InFact / VG;;10/31/13;Oktober;2013;39.2;21.4;14.1;4.5;4.7;5;4.8;3.3;1.6;1.5;800
Norstat / VL;;10/30/13;Oktober;2013;37.6;24.7;13.2;3.7;5.2;4.9;4.7;3.9;1.3;0.9;800
Ipsos / Dagbladet;;10/27/13;Oktober;2013;37.4;25.9;12.2;3.3;5.6;4.5;5.4;3.8;1.4;0.6;800
Sentio / DN;;10/25/13;Oktober;2013;39.8;25.5;12.2;3.1;5.1;4.5;3.6;3.3;0.9;2.1;800
Respons / Aftenp.;;10/16/13;Oktober;2013;38.4;24.6;12.8;3.4;5;5;4.4;3.7;1.3;1.4;800
Opinion / ANB;;10/16/13;Oktober;2013;39;25.9;13.8;2.7;4.6;4.4;4.5;3;0.6;1.4;800
Norfakta / Nat. / KK;;10/13/13;Oktober;2013;35.1;25.7;13.3;3.2;6.5;5.6;4.4;3.5;1.7;1;800
Norstat / NRK;;10/08/13;Oktober;2013;34;27.2;14.3;3.9;5.3;4.9;4.6;4;1.1;0.8;800
TNS / TV2;;10/06/13;Oktober;2013;36.5;25.3;13.8;4.7;4.2;3.7;5.2;4.5;1.6;0.6;800
Norstat / VL;;10/02/13;Oktober;2013;36.3;26;14.9;3.2;5.3;4.5;3.9;3.4;1.5;0.9;800
Norstat / VL;;09/30/13;September;2013;32.5;26.5;15.8;3.5;5.2;6.6;4.3;3.9;1;0.7;800
Ipsos / Dagbladet;;09/28/13;September;2013;30;27.9;14.5;3.8;5.1;6.5;5.6;3.6;2.2;1.1;800
Opinion / ANB;;09/25/13;September;2013;31.6;26.3;16.9;4.6;4.9;5;5.1;4;1.1;0.5;800
Sentio / DN;;09/20/13;September;2013;31.5;27.6;14.3;4.6;5.3;5.4;5.8;2.8;1.2;1.6;800
Respons / Aftenp. / BT;;09/08/13;September;2013;28.3;28.2;14.1;4.8;5.9;5.3;6.7;3.9;1.6;1.2;800
TNS / TV2;;09/07/13;September;2013;30.4;24.5;16.5;5.3;5;6.1;6.2;3;1.4;1.6;800
InFact / VG;;09/07/13;September;2013;28.6;27.3;14.2;5.3;5.6;5.8;6.2;3.6;1.6;1.8;800
Ipsos / Dagbladet;;09/07/13;September;2013;29.4;25.9;16.4;5.8;4.9;5.1;4.5;4.1;2.3;1.7;800
Norfakta / Nat. / KK;;09/07/13;September;2013;27.3;27.4;21.9;4.3;5.6;4.2;4.8;1.7;1.3;1.5;800
TNS / TV2;;09/06/13;September;2013;30;26.1;15.9;5.3;4.9;6.6;6.2;2.4;1.2;1.5;800
InFact / VG;;09/06/13;September;2013;30.5;26.9;13.8;4.6;5.2;5.9;6.2;3.1;1.8;1.9;800
Respons / Aftenp / BT / Adressa;;09/06/13;September;2013;28.2;31.3;13.9;5.9;4.9;6.3;4.6;3.2;1.2;0.5;800
Norstat / NRK;;09/06/13;September;2013;28.3;25.1;17.9;5;5.6;6.5;5.4;3.1;1.6;1.5;800
TNS / TV2;;09/05/13;September;2013;29.8;25.9;16.6;5.3;5.3;6.4;5.7;2.7;1.2;1.2;800
InFact / VG;;09/05/13;September;2013;29.2;27.6;13.1;4.9;5.5;6.9;5.5;3.7;1.7;1.9;800
Sentio / DN;;09/05/13;September;2013;30.4;29.3;14.5;4.6;4.4;5;6.1;3;1.3;1.3;800
Opinion / ANB;;09/05/13;September;2013;29.2;27.1;18.7;3.6;4.3;6;5;3.5;1.4;1.1;800
TNS / TV2;;09/04/13;September;2013;28.4;26.9;17;5.7;5;6.8;4.9;2.8;1.3;1.2;800
InFact / VG;;09/04/13;September;2013;28.2;27.5;14.5;4.9;5.6;7.1;5;3.5;1.8;1.8;800
TNS / TV2;;09/03/13;September;2013;29.6;26.7;17.1;5.6;4.5;6.8;4.4;2.8;1.4;1.2;800
InFact / VG;;09/03/13;September;2013;28.2;28.2;14.4;4.8;5.3;6.2;5.7;3.8;1.5;1.7;800
TNS / TV2;;09/02/13;September;2013;30.7;27;16.6;4.8;4.1;6.6;4.9;2.5;1.2;1.6;800
InFact / VG;;09/02/13;September;2013;28.9;27.9;14.8;4.1;5.4;5.8;7.1;3.9;0.8;1.2;800
InFact / VG;;09/01/13;September;2013;30;25.6;16.5;4.5;5.5;5.7;6.6;2.9;1.3;1.5;800
TNS / TV2;;09/01/13;September;2013;32.2;25.5;16.6;4.8;4.9;5.7;5.3;2.5;1;1.6;800
InFact / VG;;08/31/13;;;28;27.2;15.6;4.8;5.4;5.2;6.5;3.3;1.9;2.1;800
Ipsos / Dagbladet;;08/31/13;;;28.5;28.7;15.1;5.4;4.3;5.9;6.3;2.9;1.7;1.2;800
Norstat / NRK;;08/30/13;;;27.9;25.7;20.6;3.8;5;5.6;5.7;3.1;1.3;1.4;800
InFact / VG;;08/30/13;;;27.5;28.9;14.6;3.9;5.3;5.5;7.1;3.6;1.6;2;800
Respons / Aftenp / BT / Adressa;;08/30/13;;;28.2;28.9;14.2;4.5;5.8;5.8;5.7;4.5;1.4;1;800
TNS / TV2;;08/29/13;;;33.6;25.3;15.9;4.1;5.2;5.5;5;2.3;1.4;1.7;800
InFact / VG;;08/29/13;;;28.9;27.9;14.9;4.2;5.5;5.9;6.1;3.4;1.5;1.6;800
Norstat / VL;;08/29/13;;;28.4;27;17.1;5;5.1;4.4;6;4.1;1.3;1.6;800
InFact / VG;;08/28/13;;;28.7;27.7;15.2;4;5.6;5.8;5.9;4.2;1.4;1.4;800
TNS / TV2;;08/27/13;;;32.8;27;14.5;4.1;5.7;5.6;4.6;2.3;1.6;1.9;800
InFact / VG;;08/27/13;;;28.6;29;14.6;3.5;4.9;5.1;7.3;4.1;1.2;1.7;800
InFact / VG;;08/26/13;;;29;29.2;13.7;4;5;5;6.9;3.9;1.2;2;800
InFact / VG;;08/25/13;;;29.3;28.2;14.4;4.4;6;5.5;5.5;3.9;1.6;1.2;800
TNS / TV2;;08/25/13;;;30.8;27.5;15.7;4.6;5.7;4.7;4.8;3.2;0.8;2.1;800
InFact / VG;;08/24/13;;;29.9;28.3;14.5;4.4;6;5.7;5;3.6;1.6;1.1;800
Ipsos / Dagbladet;;08/24/13;;;29.7;29.6;13;4.3;5.6;6;4.1;3.9;2.1;1.7;800
Norstat / NRK;;08/23/13;;;29.1;26.2;18.9;3.9;5.4;6.3;4.2;4.7;0.9;0.3;800
InFact / VG;;08/23/13;;;29.1;30.1;13.2;4.4;5.2;6.1;5.5;3.7;1.4;1.4;800
Respons / Aftenp / BT / Adressa;;08/23/13;;;29.4;28.5;13.9;4.6;4.8;5.6;5.9;5.2;1.3;0.8;800
Sentio / DN;;08/23/13;;;28.5;28.1;16;5.4;5.5;4.7;5.4;3.6;1.4;1.4;800
InFact / VG;;08/22/13;;;28.1;29.6;13.3;4.7;4.7;5.9;5.9;4.7;1.5;1.4;800
TNS / TV2;;08/21/13;;;31.8;26.8;15.9;4;4.7;5.6;4.4;2.9;1.6;2.3;800
InFact / VG;;08/21/13;;;28.2;28.9;14;4.8;5.3;5.4;5.6;4.7;1.5;1.6;800
InFact / VG;;08/20/13;;;27.1;30.5;13.3;4.5;5.4;5.7;5.5;4.1;1.7;2.2;800
TNS / TV2;;08/19/13;;;30.2;29.4;15.1;4.3;5.5;4.9;4.4;2.3;2.1;1.6;800
Ipsos / Dagbladet;;08/17/13;;;32.5;27.5;14.8;4.3;4.8;5.1;4.8;2.9;1.2;2;800
Respons / Aftenp. / BT;;08/17/13;;;27.3;32.2;12.6;3.1;5.7;5.8;5.5;5.1;1.4;1.3;800
Norstat / NRK;;08/16/13;;;28.9;31.1;17.8;2.5;3.7;5.6;4.1;3.6;1.6;0.9;800
InFact / VG;;08/12/13;;;28;31;13.5;4.3;5.7;5.2;4.8;3.8;1.9;1.9;800
TNS / TV2;;08/12/13;;;28.6;31.6;14.4;4.1;5.5;4.9;5.1;2.8;1.9;1.1;800
Norfakta / Nat. / KK;;08/10/13;;;26.9;31.2;17.7;3.7;4.5;5.4;4.4;2.7;2;1.5;800
Norstat / NRK;;08/07/13;;;26.3;29.7;20.9;4.8;5.7;5.6;3.4;0.9;2;0.5;800
InFact / VG;;08/07/13;;;27.5;31.9;14.2;3.3;5.3;5.5;5.6;2.9;2;1.7;800
TNS / TV2;;08/07/13;;;30.1;31.6;14;5.5;5.6;3.7;3.6;2.4;1.4;2.1;800
InFact / VG;;07/08/13;;;29.7;31.2;13.6;3.3;5.2;5.5;5.2;2.1;2;2.2;800
Respons / Aftenp / BT / Adressa;;07/06/13;;;26.6;32.5;14.6;4.3;4.2;5.7;6.5;3.6;1.5;0.5;800
Norfakta / Nat. / KK;;07/06/13;;;27.4;28.5;22;4.1;5.1;4.8;4;1.6;2;0.7;800
TNS / TV2;;07/01/13;;;28.4;34.1;14.5;3.9;4;4.6;5.1;2;1.9;1.5;800
Norstat / VL;;06/27/13;;;28.1;33.2;18;4;4.1;5.1;3.7;1.8;1.3;0.9;800
Ipsos / Dagbladet;;06/22/13;;;31.3;32.5;13.3;4.4;4.5;5.4;3.6;0;1.2;3.7;800
Sentio / DN;;06/22/13;;;29.8;29.1;17;5.1;5.7;4.2;4.3;1.6;1.4;1.7;800
Respons / Aftenp / BT / Adressa;;06/15/13;;;26.4;36.2;13.2;4.2;4.1;7.2;5;1.9;1;0.8;800
Opinion / ANB;;06/13/13;;;25.2;32;19.9;4.4;5;5.1;4.1;2.2;1;1.3;800
InFact / VG;;06/09/13;;;28.5;32.9;14;4.2;4.7;5.2;5.4;2.2;1.3;1.7;800
Norfakta / Nat. / KK;;06/08/13;;;29.2;30.2;18.6;4.2;3.7;6.1;3.8;1;2;0;800
Norstat / NRK;;06/06/13;;;27.5;31.4;17.7;4.8;4.5;5.4;4.7;1.3;1.4;1.3;800
TNS / TV2;;06/03/13;;;31.6;30.6;15.5;3.8;4.4;3.8;3.2;1.8;2.8;2.5;800
Norstat / VL;;05/31/13;;;30;29.4;19.2;4.5;4.1;4.5;3.9;2.2;1.4;0.9;800
Ipsos / Dagbladet;;05/25/13;;;27.9;35.4;13.1;5.6;4.7;4.4;5.6;0;1.3;2.1;800
Norstat / NRK;;05/22/13;;;27.3;33.7;17.2;5;3.3;6;3.5;1.4;1.7;1;800
Respons / Aftenp / BT / Aftenbl / Adressa;;05/18/13;;;29.3;34.7;11.9;4.7;4.3;5.9;5.4;1.1;1.4;1.3;800
Opinion / ANB;;05/16/13;;;28.7;31;16.2;4.9;4.8;5.8;4.9;1.7;0.9;1.1;800
Norfakta / Nat. / KK;;05/13/13;;;29.4;30.7;17.8;4;4;5.1;4.2;1.2;1.9;1.7;800
Sentio / DN;;05/11/13;;;30.2;28.7;15.1;4.6;5.2;6;5.2;1.8;2.1;1.2;800
InFact / VG;;05/09/13;;;29.5;33.9;12.6;4.3;4.8;4.7;5;1.9;1.7;1.6;800
TNS / TV2;;05/06/13;;;28.2;31.3;16.8;5;4.6;4.8;5.1;1.2;1.6;1.4;800
Norstat / VL;;05/02/13;;;28.3;29.6;20.5;4.3;4.7;5.5;3.9;1.2;1.1;0.8;800
Ipsos / Dagbladet;;04/27/13;;;28;32.5;13.7;5.7;4.9;4.7;5.4;0;2;3.2;800
Sentio / DN;;04/26/13;;;29.6;32.5;15.7;4.5;4.6;4.9;4.4;1.7;0.7;1.3;800
InFact / VG;;04/18/13;;;28.1;34.1;14.8;3.7;5.2;4.4;5.2;1.5;1.5;1.5;800
Norstat / NRK;;04/18/13;;;27.2;28.9;19.8;5.1;5.3;5.2;3.9;1.2;2;1.3;800
Respons / Aftenp / BT / Adressa;;04/12/13;;;27.1;35.6;13.1;4.6;4.2;5.5;5.6;1.3;1.8;0.8;800
Opinion / ANB;;04/11/13;;;27.3;32.1;18.7;4.9;4.9;5;3.7;0.6;1.2;1.4;800
TNS / TV2;;04/08/13;;;29.9;33.5;15.5;4.2;4.8;4.5;4;0.8;1.2;1.4;800
Norfakta / Nat. / KK;;04/06/13;;;27.1;32.6;17;5.7;4.7;6;4;0.6;1.7;0.6;800
Norstat / VL;;04/02/13;;;24.6;31.3;19.9;6.2;4.2;5.8;4.6;1.1;1.3;0.8;800
Ipsos / Dagbladet;;03/24/13;;;27.5;35.1;15.2;4.6;5.5;4.2;5.1;0;0.8;2.1;800
Sentio / DN;;03/21/13;;;31.7;26.5;19.3;4.2;5.8;5.9;3.9;0.5;1.7;0.9;800
Respons / Aftenp / BT / Aftenbl / Adressa;;03/15/13;;;26.4;37.9;11.7;4.8;4.8;4.9;5.4;2.3;1.4;0.4;800
InFact / VG;;03/15/13;;;29.2;33.7;13.5;4.1;4.2;5.3;5.2;1.4;1.4;2;800
Norstat / NRK;;03/13/13;;;27.1;32;20.4;3.9;3.5;5.8;3.6;0.9;0.8;1.8;800
Norfakta / Nat. / KK;;03/11/13;;;27.7;32;17;4.1;5.3;5.8;5;1;1.5;0.6;800
Opinion / ANB;;03/07/13;;;28.8;31.9;17.7;4.3;4.7;5.7;4.2;0.7;1.2;0.6;800
TNS / TV2;;03/04/13;;;27.7;31.3;17.9;4.6;5.4;4.6;4.8;1.1;2;0.6;800
Norstat / VL;;03/01/13;;;26.9;31.6;18.9;5.2;3.8;4.9;5.3;0.8;1.6;1;800
Ipsos / Dagbladet;;02/23/13;;;29.3;32.1;17.1;5.5;4.6;4.5;3.1;0;1.9;1.8;800
Sentio / DN;;02/22/13;;;28.7;30.4;19.1;4.9;4.1;3.8;5;1;0.8;2.1;800
InFact / VG;;02/20/13;;;29.1;31.4;10.9;5.6;6.1;8.3;3.9;1.6;1.2;2.1;800
Respons / Aftenp / BT / Adressa;;02/16/13;;;29;35.2;12.5;4;3.8;5.3;6.5;1.8;1.3;0.6;800
Opinion / ANB;;02/14/13;;;26.4;36;16.9;4.5;3.8;5.2;4.3;0;1.1;1.8;800
Norfakta / Nat. / KK;;02/11/13;;;28.7;32.1;17.6;4.2;3.8;5.7;4.8;1.2;1.2;0.7;800
Norstat / NRK;;02/07/13;;;30.2;30.2;17.6;5.5;5.3;4.4;3.9;0.7;1.5;0.8;800
TNS / TV2;;02/04/13;;;26.1;36.1;13.1;5.2;6;5;4.5;1;2.4;0.5;800
Norstat / VL;;01/31/13;;;27.8;31.8;18.7;4;4.4;4.6;4.2;0;1.5;1.8;800
Ipsos / Dagbladet;;01/26/13;;;29.5;34.3;14.8;3.9;4.6;5.2;4.1;0;1.6;2;800
Sentio / DN;;01/24/13;;;29.6;29.5;20;3.9;4.9;4.9;4.7;1.1;0.9;0.6;800
Respons / Aftenp / BT / Adressa;;01/21/13;;;26.5;40.1;10.7;3.8;3.6;4.9;6;1.8;1.4;1.2;800
InFact / VG;;01/18/13;;;28.8;35.2;11;4;5.1;7.7;4.6;1;1.3;1.3;800
Opinion / ANB;;01/17/13;;;28.7;35.2;15.4;4.2;4.1;4.9;4;0;2.4;1.1;800
TNS / TV2;;01/15/13;;;29.2;32.2;16.8;3.6;5.1;6.2;4.1;0.7;0.9;1.1;800
Norfakta / Nat. / KK;;01/12/13;;;27.1;33.7;17.1;4.3;3.8;5.9;5;0.7;1.4;0.9;800
Norstat / NRK;;01/10/13;;;28.5;33.2;17.8;3.9;4;5.6;3.3;0;1;1.1;800
Sentio / SMP;;01/02/13;;;30.6;31;16.2;5.1;4.7;5.1;3.8;0.5;1.5;1.5;800
Ipsos / Dagbladet;;12/22/12;;;26.6;33.1;14.1;5.9;4.9;5.1;6.3;0;2.5;1.4;800
Norstat / VL;;12/21/12;;;28.4;29.1;18.9;3.8;5.7;5.8;4.4;0.8;1.9;0.6;800
InFact / VG;;12/20/12;;;29;34.3;13.3;3.3;4.5;5.7;5.4;0;1.5;1.8;800
Respons / Aftenp. / BT;;12/15/12;;;28.2;34.7;13;4;4.6;6.8;5.4;0.9;1.3;1.1;800
Sentio / DN;;12/14/12;;;27.4;30.5;20.1;5;3.8;4.7;4.4;0;2.4;1.7;800
Opinion / ANB;;12/13/12;;;29.4;31.9;16.1;5.5;4.6;4.6;4.5;0;1.6;1.9;800
Norfakta / Nat. / KK;;12/08/12;;;29.6;31.3;18.4;4.1;4.4;4.8;4.9;0.9;1.3;0.2;800
Norstat / NRK;;12/06/12;;;27.1;30.7;21.6;3.9;4.1;4.5;4.9;1.1;1.6;0.5;800
InFact / VG;;12/05/12;;;31.4;33.1;12.7;2.9;5;5.3;5.1;1.9;1.9;0.7;800
TNS / TV2;;12/03/12;;;28.8;31.7;13.9;4.7;5.5;5.8;6.2;0;1.5;1.9;800
Sentio / SMP;;11/30/12;;;28.9;29.6;19.2;4.8;3.9;5.6;3.7;0.6;2.1;0.9;800
Ipsos / Dagbladet;;11/24/12;;;29.9;31.6;15.4;3.9;4.9;5.2;6.1;0;1.5;1.5;800
Norstat / VL;;11/23/12;;;31.8;27;18.1;4;4.2;5.8;5.4;0;1.5;0.8;800
InFact / VG;;11/18/12;;;29.6;33.4;13.5;4;5.1;5;5.3;0;1.6;2.4;800
Respons / Aftenp. / BT;;11/17/12;;;31.3;35.3;10.9;5.2;3.5;5.1;5.7;1.2;1.7;0.1;800
Sentio / DN;;11/16/12;;;28.3;28;20.4;4.5;4.6;4.9;6;0;1.6;1.6;800
Opinion / ANB;;11/15/12;;;27.5;31.1;18.8;5;4.8;3.8;5.8;0;1.4;1.3;800
Norfakta / Nat. / KK;;11/12/12;;;29.3;31.7;17.8;4.5;4.9;5;4.5;1;1.1;0.2;800
Norstat / NRK;;11/08/12;;;27.2;33.9;18.2;4;3.9;6;3.5;0;1.3;1.9;800
TNS / TV2;;11/05/12;;;30.2;35.2;15.4;4.4;5.6;3.2;3.8;0.2;0.7;1.2;800
Sentio / SMP;;11/01/12;;;31.4;28.5;18.9;4.2;3.6;5.6;4.3;0.6;2;0.9;800
Ipsos / Dagbladet;;10/28/12;;;28.8;33;17.5;5;4.3;5.3;3.8;0;1.5;1.9;800
InFact / VG;;10/25/12;;;27.6;36;14.2;3.1;4.8;5.6;4.8;0.9;1.9;1.1;800
Norstat / VL;;10/25/12;;;25.6;34;19.7;4.6;4;4;4.6;0;1.7;2;800
Sentio / DN;;10/19/12;;;26.4;31.4;21.1;3.8;4;4.9;5.2;0;1.2;1.9;800
Opinion / ANB;;10/18/12;;;26.6;34.4;17.8;4.2;5;4.7;4.7;0;1.4;1.2;800
Respons / Aftenp;;10/12/12;;;30;37;11.6;4.5;4.2;5;4.9;0.8;1.1;0.9;800
Norstat / NRK;;10/08/12;;;29.1;31.5;17.8;3.3;3.9;5.5;4.9;0.8;2;1.3;800
Norfakta / Nat. / KK;;10/08/12;;;28.1;33.5;18.7;3.7;4.2;5;4.1;0.5;1.3;0.9;800
TNS / TV2;;10/01/12;;;28.4;34.6;16.3;4.7;4.9;5.1;3.6;1.2;0.4;0.8;800
Ipsos / Dagbladet;;09/29/12;;;30.6;31.6;17.8;3;5.2;5.1;3;0;2.2;1.6;800
Sentio / SMP;;09/28/12;;;29.4;31.5;18.8;4.1;4;5.4;2.6;1.7;1.9;0.7;800
Norstat / VL;;09/27/12;;;30.2;33.1;17.1;3.9;4.1;5.2;3.6;0;2;0.3;800
Opinion / ANB;;09/20/12;;;27.9;33.3;16.7;4.1;5.2;5.1;4.1;0;2.2;1.3;800
Respons / Aftenp. / BT;;09/14/12;;;29.8;38.8;11.2;3.4;3.6;5.3;4.6;1.1;0.9;1.3;800
InFact / VG;;09/13/12;;;30.8;33.8;10.4;4.6;5.2;6.3;4.5;1.5;2.2;0.7;800
Sentio / DN;;09/13/12;;;28.1;32.2;18.3;4.2;3.9;5.8;4.3;0;1.1;2.1;800
Norfakta / Nat. / KK;;09/08/12;;;29.1;34;17.6;3.6;4;4.9;3.7;0.8;1.5;0.8;800
Norstat / NRK;;09/06/12;;;27.7;32;19.9;4;4.2;5.1;3.6;0.5;2.5;0.4;800
TNS / TV2;;09/03/12;;;28.1;34.8;17.8;4;3.8;3.9;5.3;0.2;1.4;0.7;800
Sentio / SMP;;08/30/12;;;31.2;29.6;19.2;3.9;4.4;4.7;3.5;0.9;1.7;1;800
Ipsos / Dagbladet;;08/27/12;;;28.2;31.5;17.3;4;5.1;5.5;4.9;0;1.7;1.9;800
Respons / Aftenp;;08/23/12;;;29.2;37.6;12.1;3.5;4.7;4.5;5.4;0.6;1.9;0.5;800
Opinion / ANB;;08/23/12;;;30.4;33;17.4;4.1;4.9;4;4;0;1.4;0.8;800
Norstat / VL;;08/23/12;;;31.3;29.2;19.6;5.4;3.3;4.3;3.9;0;1.3;1.6;800
Sentio / DN;;08/18/12;;;30.5;30.3;19;3.8;4.1;4.7;4.5;0;1.4;1.8;800
InFact / VG;;08/15/12;;;28.7;33.7;14.8;4.2;3.9;5.3;5.6;0;1.5;2.4;800
Norfakta / Nat. / KK;;08/11/12;;;28.4;30;18.3;5;4.3;4.7;5.9;0.6;1.8;0.9;800
Norstat / NRK;;08/09/12;;;30.3;27.9;21.4;3.2;4.3;5;4.8;0;1.7;1.4;800
TNS / TV2;;08/06/12;;;29.7;34.1;14.4;3.8;4.1;4.4;5;0.2;3.1;1.1;800
Sentio / SMP;;08/03/12;;;34.2;30.3;16.3;2.9;4.9;3.8;4.4;0.3;1.7;1.1;800
Norstat / VL;;07/27/12;;;29.5;29.9;18.7;3.5;5.6;4.7;4.4;0;1;2.5;800
Sentio / DN;;07/21/12;;;29.2;32.5;17.5;4.6;4.5;4.9;4.2;0;0.9;1;800
Norstat / NRK;;07/12/12;;;28.3;28.4;22.8;4.2;3.5;5.3;4;0;1.7;1.8;800
Norfakta / Nat. / KK;;07/09/12;;;29.9;31.2;18.2;3.7;4.7;4.7;4.7;0.7;0.8;1.5;800
TNS / TV2;;07/02/12;;;32.3;30.4;14.8;3.3;5.8;5.6;4.9;0.5;1.8;0.7;800
Sentio / SMP;;06/28/12;;;28.8;33.5;17.1;3.4;5;5;3.9;0;1.7;1.6;800
InFact / VG;;06/26/12;;;30.8;32.2;14;3.8;5.3;5.1;4.7;0;1.9;2.1;800
Norstat / VL;;06/26/12;;;31;29.9;18.3;4.7;5.5;4.3;3.4;0;1;1.8;800
Ipsos / Dagbladet;;06/24/12;;;28;33.9;14.7;5.3;5.5;4.1;4.5;0;2.3;1.8;800
Opinion / ANB;;06/21/12;;;30.7;30.7;15.6;5.3;4.5;5.9;4.4;0;1.4;1.5;800
Sentio / DN;;06/16/12;;;32.1;30.1;17.5;5.3;4.1;3.7;4.4;0;0.9;1.8;800
Respons / Aftenp. / BT;;06/15/12;;;30;35.1;11.7;3.6;4.7;5.2;5.5;0;1.9;2.3;800
Norfakta / Nat. / KK;;06/11/12;;;27.8;32.9;18.9;3.5;4;4.2;5.4;0;1.7;1.6;800
Norstat / NRK;;06/07/12;;;31;29.5;18.5;3.9;3.5;5;5.7;0;0.9;2;800
TNS / TV2;;06/04/12;;;29;32.5;15.9;3.8;4.8;4.9;5.6;0.8;1.3;1.3;800
Sentio / SMP;;05/30/12;;;31.3;30.3;17.1;4.7;5;3.8;4;0;1.6;1;800
Ipsos / Dagbladet;;05/29/12;;;30.2;32;16.2;4;3.4;5.2;4.9;0;1.3;2.9;800
Norstat / VL;;05/25/12;;;31.7;30.2;17.4;4.2;4.2;5.3;3.1;0;1.4;2.6;800
InFact / VG;;05/23/12;;;31.1;35;11.3;3.4;4.8;4.8;5.8;0;1.8;1.8;800
Opinion / ANB;;05/19/12;;;31.8;28;18.6;4.3;4.7;5.3;4.9;0;1.4;1.1;800
Sentio / DN;;05/19/12;;;30;32;13.2;5;5.6;4.5;5.5;0;1.9;2.3;800
Norfakta / Nat. / KK;;05/12/12;;;29.5;32.1;18.6;3.9;4.8;4.5;3.7;0;1;1.9;800
Respons / Aftenp;;05/12/12;;;32.4;33.8;12;4.2;4.4;4.6;5.3;0;1.8;1.5;800
Norstat / NRK;;05/04/12;;;31.4;25.7;19;4.1;5.2;6;4.2;0;1.4;3;800
TNS / TV2;;05/03/12;;;29;30;16.3;4.4;4;6.7;5.6;1.6;1.5;1.1;800
Sentio / SMP;;04/30/12;;;30.8;28.7;18.4;4.5;5.7;4.6;4.9;0;1.2;1.2;800
Ipsos / Dagbladet;;04/28/12;;;31.9;27.9;18.7;6.3;4;4.3;4.7;0;1;1.4;800
Opinion / ANB;;04/27/12;;;30.6;29.6;16.7;4.9;4.9;5;5.4;0;1.4;1.5;800
Respons / Aftenp. / BT;;04/20/12;;;31.6;32.9;11;3.7;5.2;4;7.8;1.7;1.3;0.3;800
Norstat / VL;;04/20/12;;;28.3;28;20.7;3.7;5.5;6.2;4.4;0;1.8;1.4;800
InFact / VG;;04/14/12;;;29.1;31.9;13.7;4.1;5;5.9;5.8;0;2.1;2.3;800
Norfakta / Nat. / KK;;04/14/12;;;30.8;31.7;16.8;4.8;4.8;4.3;3.7;0;0.7;2.5;800
Sentio / DN;;04/13/12;;;32.8;24.9;19.5;3.8;6;6.1;4.6;0;1.5;0.9;800
Norstat / NRK;;04/05/12;;;30.5;28.5;19.5;4.6;5.1;5.4;4.6;0;1.2;0.7;800
TNS / TV2;;04/03/12;;;28.8;30.1;18.1;4.1;5.1;4.7;6;0;1.6;1.7;800
Ipsos / Dagbladet;;03/31/12;;;31.3;26.6;17.5;4.8;5.9;5.4;4.6;0;1;3;800
Sentio / SMP;;03/30/12;;;31.5;28.9;18.1;4.8;5.6;5.1;3.2;0;1.2;1.5;800
Norstat / VL;;03/24/12;;;32;25.6;17.2;4.5;4.8;5.9;7.1;0;1.3;1.6;800
Opinion / ANB;;03/22/12;;;33.9;30.4;17;3.8;5;3.1;5;0;1;0.6;800
Respons / Aftenp;;03/20/12;;;32.1;32.5;11;3.9;6.3;6;4.3;1;2;0.9;800
Sentio / DN;;03/16/12;;;33.1;23.1;19.7;4.7;5;6.5;4.6;0;1.7;1.5;800
Norfakta / Nat. / KK;;03/10/12;;;32.7;28.9;16.6;4;5.6;5.3;3.9;0;1.4;1.6;800
Norstat / NRK;;03/08/12;;;34.1;26.2;17.3;5.6;4;6;3.3;0;1.5;2;800
InFact / VG;;03/06/12;;;31.2;30.6;13.5;4.6;5.5;5.5;5.1;0;1.6;2.4;800
TNS / TV2;;03/06/12;;;36.5;27.7;12.1;3.7;5.5;5;5.6;0.9;1.3;1.3;800
Ipsos / Dagbladet;;03/03/12;;;33.8;27.5;17.6;4.1;5.2;5.3;4.2;0;0.7;1.6;800
Sentio / SMP;;03/01/12;;;32.6;27.1;17.4;5;4.6;5.7;4.5;0;1.1;2;800
InFact / VG;;02/28/12;;;30.9;30.4;12.4;4.7;5.3;5.2;6.2;0;2;2.8;800
Norstat / VL;;02/24/12;;;35.7;25.6;17.2;3.7;4.9;5;4.7;0;1.3;1.9;800
Sentio / DN;;02/23/12;;;33;25.3;18.1;4.1;5.7;6.1;4.5;0;1.2;2.6;800
Respons / Aftenp;;02/17/12;;;34.5;30;11.5;5.8;4.6;4.9;6.1;0;1.2;1.4;800
Opinion / ANB;;02/16/12;;;35.8;29.1;10.7;6.2;4.3;6.2;5.3;0;0.8;1.7;800
Norfakta / Nat. / KK;;02/11/12;;;35.2;28.7;15.5;4.7;4.4;4.2;4.6;0;1.6;1.1;800
Norstat / NRK;;02/09/12;;;35.1;27.3;14.2;4.2;4.7;5.4;6.5;0;1;1.5;800
TNS / TV2;;02/07/12;;;35.8;26.7;14.5;4.8;6.5;4.5;5;0;1.5;0.7;800
Sentio / SMP;;02/03/12;;;33.2;28.1;15.6;5.4;5.2;4.7;5.2;0;1.3;1;800
Ipsos / Dagbladet;;01/29/12;;;33.4;29.1;13.8;5;5.1;4.9;5.5;0;2.3;0.9;800
InFact / VG;;01/27/12;;;34.5;31.8;10.7;3.2;5.4;5.7;4.6;0;1.7;2.4;800
Norstat / VL;;01/27/12;;;34.4;28.8;14.2;4.2;4.9;5.6;4.1;0;1.7;2.2;800
Sentio / DN;;01/20/12;;;34.2;27.7;15.9;3.8;5.5;4.6;5.2;0;2.1;1.1;800
Opinion / ANB;;01/19/12;;;38.3;27.8;14.3;4.5;3.9;5.1;4.2;0;1.2;0.7;800
Respons / Aftenp;;01/19/12;;;36.1;31.5;9.8;4;4.7;4.3;6;0;2.6;1;800
Norstat / NRK;;01/12/12;;;34.9;28.1;15.8;3.5;4.9;6.1;3.7;0;1.2;1.3;800
TNS / TV2;;01/09/12;;;33.3;28.6;13.3;4.6;5.3;6.2;5.8;0;1.3;1.5;800
Norfakta / Nat. / KK;;01/09/12;;;32.8;29.9;15.3;3.9;5;5.4;5.4;0;1.5;0.8;800
